Hardware name,Manufacturer,Type,Notes,Release date,Release price (USD),FP64 (double precision) performance (FLOP/s),FP32 (single precision) performance (FLOP/s),FP16 (half precision) performance (FLOP/s),TF32 (TensorFloat-32) performance (FLOP/s),Tensor-FP16/BF16 performance (FLOP/s),INT16 performance (OP/s),INT8 performance (OP/s),INT4/FP4 performance (OP/s),Memory size per board (Byte),Memory bandwidth (byte/s),Intranode bandwidth (byte/s),Internode bandwidth (bit/s),Die Size (mm^2),TDP (W),Base clock (MHz),Boost clock (MHz),Memory clock (MHz),Memory bus (bit),Tensor cores,Process size (nm),Foundry,Transistors (millions),Link to datasheet,Source for the price,ML models,Last modified,Max performance,Energy efficiency,FP8 performance (FLOP/s),FP4 performance (FLOP/s),Total processing performance (bit-OP/s),Price-performance,ML OP/s
Google TPU v7 Ironwood,Google,TPU,source for release date: https://www.cnbc.com/2025/11/06/google-unveils-ironwood-seventh-generation-tpu-competing-with-nvidia.html,2025-11-06,,,,,,2307000000000000.0,,4614000000000000.0,,192000000000.0,7370000000000.0,,,,980.0,,,,,,,,,https://blog.google/products/google-cloud/ironwood-tpu-age-of-inference/,,,2025-11-12 10:27:59+00:00,4614000000000000.0,4708163265306.122,4614000000000000.0,,3.6912e+16,inf,4614000000000000.0
Huawei Ascend 920,Huawei,NPU,,2025-10-01,,,,,,900000000000000.0,,,,,4000000000000.0,,,,,,,,,,6.0,SMIC,,https://www.tomshardware.com/pc-components/gpus/huawei-introduces-the-ascend-920-ai-chip-to-fill-the-void-left-by-nvidias-h20,,,2025-07-30 16:53:19+00:00,900000000000000.0,inf,,,,inf,900000000000000.0
NVIDIA GB300,NVIDIA,GPU,"Individual GPUs are sometimes called Blackwell Ultra, but systems are referred to as GB300. GB300 is only available in systems containing two or more GPUs. Performance figures are per individual GPU, not per GB300 superchip. Performance figures are listed without sparsity.

https://resources.nvidia.com/en-us-blackwell-architecture/blackwell-ultra-datasheet",2025-08-22,,1300000000000.0,80000000000000.0,,1250000000000000.0,2500000000000000.0,,165000000000000.0,1.5e+16,287500000000.0,8000000000000.0,1800000000000.0,,,1400.0,,,,,,4.0,TSMC,,"https://resources.nvidia.com/en-us-dgx-systems/dgx-b300-datasheet
https://www.nvidia.com/en-us/data-center/gb300-nvl72/",,,2025-11-13 14:51:56+00:00,1.5e+16,10714285714285.717,5000000000000000.0,1.5e+16,6.112e+16,inf,2500000000000000.0
NVIDIA B300,NVIDIA,GPU,"Individual GPUs are sometimes called Blackwell Ultra, but systems are referred to as B300. Performance figures are listed without sparsity.",2025-08-22,,1200000000000.0,75000000000000.0,,1100000000000000.0,2250000000000000.0,,157500000000000.0,1.4e+16,270000000000.0,7700000000000.0,1800000000000.0,,,1100.0,,,,,640.0,4.0,TSMC,208000.0,"https://developer.nvidia.com/blog/inside-nvidia-blackwell-ultra-the-chip-powering-the-ai-factory-era/

https://resources.nvidia.com/en-us-blackwell-architecture/blackwell-ultra-datasheet",,,2025-11-13 14:51:50+00:00,1.4e+16,12727272727272.729,4500000000000000.0,1.4e+16,,inf,2250000000000000.0
AMD Instinct MI355X,AMD,GPU,release announcement (source for release date): https://www.tomshardware.com/pc-components/gpus/amd-announces-mi350x-and-mi355x-ai-gpus-claims-up-to-4x-generational-gain-up-to-35x-faster-inference-performance ,2025-06-12,,,,2340000000000000.0,,2516600000000000.0,,5033200000000000.0,1.00663e+16,288000000000.0,8000000000000.0,,,,1400.0,,,,,,3.0,TSMC,,https://www.amd.com/content/dam/amd/en/documents/instinct-tech-docs/product-briefs/amd-instinct-mi355x-gpu-brochure.pdf,,,2025-11-05 20:59:45+00:00,1.00663e+16,7190214285714.286,4600000000000000.0,9200000000000000.0,3.744e+16,inf,5033200000000000.0
AMD Instinct MI350X,AMD,GPU,release announcement (source for release date): https://www.tomshardware.com/pc-components/gpus/amd-announces-mi350x-and-mi355x-ai-gpus-claims-up-to-4x-generational-gain-up-to-35x-faster-inference-performance ,2025-06-12,,,,2340000000000000.0,,2309600000000000.0,,4614000000000000.0,9227500000000000.0,288000000000.0,8000000000000.0,,,,1000.0,,,,,,3.0,TSMC,,https://www.amd.com/content/dam/amd/en/documents/instinct-tech-docs/product-briefs/amd-instinct-mi350x-gpu-brochure.pdf ,,,2025-11-05 20:57:17+00:00,9227500000000000.0,9227500000000.0,4600000000000000.0,9200000000000000.0,3.744e+16,inf,4614000000000000.0
NVIDIA GB200,NVIDIA,GPU,"GBB00 is only available in systems containing two or more GPUs. Performance figures are *per GPU*, not per GB200 superchip (which contains 2 GPUs). ",2025-02-15,,45000000000000.0,90000000000000.0,2500000000000000.0,1250000000000000.0,2500000000000000.0,,5000000000000000.0,,186000000000.0,8000000000000.0,,,,1200.0,,,,,,,TSMC,,"https://www.nvidia.com/en-us/data-center/gb200-nvl2/#specs
https://drive.google.com/file/d/1Wc9tdHdy3UthQ6ttW98RgrdUx8Vva5tU/view",,"Granite-4.0-H-Small,Granite-4.0-H-Micro,Granite-4.0-H-Tiny,MAI-Image-1,SWE-1.5,Llama 4 Scout + ScaleRL",2025-11-13 14:51:26+00:00,5000000000000000.0,4166666666666.6665,5000000000000000.0,1e+16,4e+16,inf,5000000000000000.0
Amazon Trainium2,Amazon AWS,GPU,,2024-12-03,,,,,,667000000000000.0,,,,96000000000.0,2900000000000.0,,,,500.0,,,,,,,,,"https://semianalysis.com/2024/12/03/amazons-ai-self-sufficiency-trainium2-architecture-networking/
https://awsdocs-neuron.readthedocs-hosted.com/en/latest/about-neuron/arch/neuron-hardware/trainium2.html",,,2025-10-29 15:08:53+00:00,667000000000000.0,1334000000000.0,1299000000000000.0,,1.0672e+16,inf,667000000000000.0
NVIDIA H200 SXM,NVIDIA,GPU,,2024-11-18,,33450000000000.0,66910000000000.0,,494500000000000.0,989500000000000.0,,1979000000000000.0,,,4800000000000.0,,,,700.0,,,,,,5.0,TSMC,,https://nvdam.widen.net/s/nb5zzzsjdf/hpc-datasheet-sc23-h200-datasheet-3002446,,"SEA-LION V3 Llama3.1 8B,SEA-LION V3 Llama3.1 70B,EXAONE 4.0 (32B),EXAONE 4.0 (1.2B),Gemma-SEA-LION-v4-27B-IT",2025-10-29 22:00:35+00:00,1979000000000000.0,2827142857142.857,,,1.5832e+16,inf,1979000000000000.0
NVIDIA B100,NVIDIA,GPU,Listed performance figures are without sparsity.,2024-11-15,35000.0,30000000000000.0,,,875000000000000.0,1750000000000000.0,,3500000000000000.0,,192000000000.0,8000000000000.0,,,,700.0,,,,,,,,,"https://www.anandtech.com/show/21310/nvidia-blackwell-architecture-and-b200b100-accelerators-announced-going-bigger-with-smaller-data

https://web.archive.org/web/20240809084215/https://www.hyperstack.cloud/nvidia-blackwell-b100",,,2025-11-13 14:52:21+00:00,3500000000000000.0,5000000000000.0,3500000000000000.0,7000000000000000.0,2.8e+16,100000000000.0,3500000000000000.0
NVIDIA B200,NVIDIA,GPU,Listed performance figures are without sparsity.,2024-11-15,,31040000000000.0,62080000000000.0,2250000000000000.0,1125000000000000.0,2250000000000000.0,,4500000000000000.0,9000000000000000.0,180000000000.0,7700000000000.0,,,,1000.0,,,,,,,TSMC,,"https://www.primeline-solutions.com/media/categories/server/nach-gpu/nvidia-hgx-h200/nvidia-blackwell-b200-datasheet.pdf
https://drive.google.com/file/d/1Wc9tdHdy3UthQ6ttW98RgrdUx8Vva5tU/view",,,2025-11-13 14:52:20+00:00,9000000000000000.0,9000000000000.0,4500000000000000.0,9000000000000000.0,3.6e+16,inf,4500000000000000.0
Huawei Ascend 910C,Huawei,GPU,,2024-10-15,,,,752000000000000.0,,,,,,128000000000.0,3200000000000.0,,784000000000.0,,700.0,,,,,,7.0,"SMIC,TSMC",,"https://www.trendforce.com/news/2025/03/13/news-huaweis-ascend-910c-takes-on-nvidia-as-chinas-ai-race-heats-up-more-alleged-details/
https://www.huawei.com/en/news/2025/9/hc-xu-keynote-speech?",,,2025-10-14 07:25:44+00:00,752000000000000.0,1074285714285.7142,,,1.28e+16,inf,752000000000000.0
AMD Instinct MI325X,AMD,GPU,,2024-10-10,,81700000000000.0,163400000000000.0,1300000000000000.0,653700000000000.0,1307400000000000.0,,2600000000000000.0,,256000000000.0,6000000000000.0,,,,1000.0,2100.0,,1000.0,,,5.0,TSMC,153000.0,https://www.amd.com/en/products/accelerators/instinct/mi300/mi325x.html,,,2025-11-05 21:14:16+00:00,2600000000000000.0,2600000000000.0,,,2.08e+16,inf,2600000000000000.0
Intel Habana Gaudi3,Intel,,"Intel says that the Gaudi3's BF16 FLOPS will be 4x that of the Gaudi2. We were not able to find the die area for this product.
More useful source is this whitepaper: https://www.intel.com/content/www/us/en/content-details/817486/intel-gaudi-3-ai-accelerator-white-paper.html
",2024-09-24,,,14300000000000.0,28700000000000.0,459000000000000.0,1678000000000000.0,,,,128000000000.0,3700000000000.0,,,,900.0,,,,,64.0,5.0,TSMC,,https://perma.cc/83JH-F3M4,,,2025-07-21 09:20:22+00:00,1678000000000000.0,1864444444444.4443,1678000000000000.0,,2.6848e+16,inf,1678000000000000.0
Maia 100 (M100),Microsoft,GPU,,2024-08-27,,,,,,800000000000000.0,,,,,,,,820.0,500.0,,,,,,5.0,TSMC,,"https://www.techpowerup.com/326105/microsoft-unveils-new-details-on-maia-100-its-first-custom-ai-chip

https://techcommunity.microsoft.com/blog/azureinfrastructureblog/inside-maia-100-revolutionizing-ai-workloads-with-microsofts-custom-ai-accelerat/4229118",,,2025-07-21 09:20:23+00:00,800000000000000.0,1600000000000.0,,,1.28e+16,inf,800000000000000.0
Google TPU v6e Trillium,Google,TPU,,2024-05-14,,,,,,918000000000000.0,,1836000000000000.0,,32000000000.0,1640000000000.0,448000000000.0,,,,,,,,,,,,https://cloud.google.com/tpu/docs/v6e,,"Gemini 2.0 Flash,Gemini 2.0 Flash-Lite,FGN,DataRater test model (1B),Gemini Robotics-ER 1.5,Gemini Robotics 1.5 ",2025-10-29 21:38:04+00:00,1836000000000000.0,inf,,,1.4688e+16,inf,1836000000000000.0
Meta MTIA v2,Meta,Other,,2024-04-10,,,2760000000000.0,,,177000000000000.0,,354000000000000.0,,256000000.0,1000000000000.0,,,421.0,90.0,1350.0,,,,,5.0,TSMC,,https://ai.meta.com/blog/next-generation-meta-training-inference-accelerator-AI-MTIA/,,,2025-07-21 09:20:24+00:00,354000000000000.0,3933333333333.3335,,,2832000000000000.0,inf,354000000000000.0
NVIDIA H100 NVL,NVIDIA,GPU,,2024-03-14,,,,835500000000000.0,,,,,,94000000000.0,3938000000000.0,,,,400.0,1080.0,1785.0,2619.0,6016.0,,,,,"https://www.nvidia.com/content/dam/en-zz/Solutions/Data-Center/h100/PB-11773-001_v01.pdf

https://www.pny.com/nvidia-h100-nvl",,"Boltz-2,s1-32B,s1.1",2025-10-29 21:55:41+00:00,835500000000000.0,2088750000000.0,,,1.3368e+16,inf,835500000000000.0
MTT S4000,Moore Threads (Tencent),GPU,,2023-12-19,,,25000000000000.0,49150000000000.0,50000000000000.0,100000000000000.0,,200000000000000.0,,48000000000.0,768000000000.0,,,,450.0,,,,,128.0,12.0,,,"https://en.mthreads.com/product/S4000
https://www.techpowerup.com/gpu-specs/mtt-s4000.c4261",,MooER,2025-07-21 09:20:26+00:00,200000000000000.0,444444444444.44446,,,1600000000000000.0,inf,200000000000000.0
Google TPU v5p,Google,TPU,,2023-12-06,,,,,,459000000000000.0,,918000000000000.0,,95000000000.0,2765000000000.0,,,,,,,,,2.0,,,,https://cloud.google.com/tpu/docs/v5p,,"Genie,Gemma 2 27B,AFM-on-device,Gemma 3 27B,FGN",2025-10-29 21:38:03+00:00,918000000000000.0,inf,,,7344000000000000.0,inf,918000000000000.0
AMD Instinct MI300X,AMD,GPU,,2023-12-06,15000.0,81700000000000.0,163400000000000.0,1307400000000000.0,653700000000000.0,1307400000000000.0,,2614900000000000.0,,192000000000.0,5300000000000.0,,,1017.0,750.0,,,,,,5.0,TSMC,,"https://www.amd.com/content/dam/amd/en/documents/instinct-tech-docs/data-sheets/amd-instinct-mi300x-data-sheet.pdf
https://www.techpowerup.com/gpu-specs/radeon-instinct-mi300x.c4179",https://www.tomshardware.com/tech-industry/artificial-intelligence/nvidias-h100-ai-gpus-cost-up-to-four-times-more-than-amds-competing-mi300x-amds-chips-cost-dollar10-to-dollar15k-apiece-nvidias-h100-has-peaked-beyond-dollar40000,LoongRL 14B,2025-11-08 01:45:30+00:00,2614900000000000.0,3486533333333.333,,,2.09192e+16,174326666666.66666,2614900000000000.0
AMD Radeon Instinct MI308X,AMD,GPU,,2023-12-06,,81720000000000.0,81720000000000.0,653700000000000.0,,,,,,192000000000.0,10300000000000.0,,,1017.0,750.0,1000.0,2100.0,2525.0,8192.0,1216.0,5.0,TSMC,153000.0,https://www.techpowerup.com/gpu-specs/radeon-instinct-mi308x.c4295,,,2025-07-27 17:28:45+00:00,653700000000000.0,871600000000.0,,,,inf,653700000000000.0
Sunway SW26010-Pro,Sunway,,,2023-11-26,,13800000000000.0,27600000000000.0,55296000000000.0,,,,,,96000000000.0,307200000000.0,,,,,,,,,,14.0,,,https://www.tomshardware.com/tech-industry/supercomputers/chinas-secretive-sunway-pro-cpu-quadruples-performance-over-its-predecessor-allowing-the-supercomputer-supercomputer-to-hit-exaflop-speeds,,,2025-07-21 09:20:27+00:00,55296000000000.0,inf,,,884736000000000.0,inf,55296000000000.0
NVIDIA HGX H20,NVIDIA,GPU,,2023-11-09,12000.0,1000000000000.0,44000000000000.0,,74000000000000.0,148000000000000.0,,296000000000000.0,,96000000000.0,4000000000000.0,,,,400.0,,,,,,,,,https://viperatech.com/shop/nvidia-hgx-h20/,"https://www.tomshardware.com/tech-industry/artificial-intelligence/distributor-claims-that-nvidia-has-allegedly-stopped-taking-orders-on-hgx-h20-gpu-processors#:~:text=The%20product%20has%2096%20GB,tag%20of%20around%20%2410%2C000%20%2D%20%2413%2C000.

https://www.techpowerup.com/318595/nvidia-readying-h20-ai-gpu-for-chinese-market",,2025-07-21 09:20:28+00:00,296000000000000.0,740000000000.0,,,2368000000000000.0,24666666666.666668,296000000000000.0
NVIDIA L2 PCle,NVIDIA,GPU,,2023-11-09,,,24100000000000.0,,48300000000000.0,96500000000000.0,,193000000000000.0,,24000000000.0,300000000000.0,,,,,,,,,,,,,"https://viperatech.com/shop/nvidia-l2-pcie/#:~:text=NVIDIA's%20L2%20PCle%2C%20part%20of,handling%20of%20data%2Dintensive%20tasks.",,,2025-07-21 09:20:28+00:00,193000000000000.0,inf,,,1544000000000000.0,inf,193000000000000.0
NVIDIA L20 PCle,NVIDIA,GPU,,2023-09-16,4299.0,927400000000.0,59350000000000.0,59350000000000.0,59800000000000.0,119500000000000.0,,239000000000000.0,,48000000000.0,864000000000.0,,,609.0,275.0,1440.0,2520.0,2250.0,384.0,11776.0,5.0,TSMC,76300.0,"https://www.techpowerup.com/gpu-specs/l20.c4206
https://wccftech.com/nvidia-china-compliant-h20-gpu-41-percent-fewer-cores-lower-performance-vs-top-hopper-h100/",https://viperatech.com/shop/nvidia-l20-pcie/,,2025-07-21 09:20:29+00:00,239000000000000.0,869090909090.909,,,1912000000000000.0,55594324261.45616,239000000000000.0
Google TPU v5e,Google,TPU,,2023-08-29,,,,,,197000000000000.0,,393000000000000.0,,16000000000.0,819000000000.0,,,325.0,140.0,,,,,1.0,,,,https://cloud.google.com/tpu/docs/v5e,,"Gemma 7B,Gemini Nano-2,Gemini Nano-1,Gemma 2 2B,Gemma 1.1 7B Instruct,Imagen 3,PaliGemma,GameNGen,ALOHA Unleashed,Universal-1,DataGemma,Gemma 2B,Flexi-JEST++,JEST++,Gemma 3 1B,Gemma 3 4B,Gemini Robotics,GenCast,JEST-L++,PaliGemma 2 3B Mix 448,PaliGemma 2 3B Mix 224,Gemini Robotics-ER,Marin 8B,Aeneas,EmbeddingGemma,SigLIP 2,Gemini Robotics-ER 1.5,Gemini Robotics 1.5 ",2025-10-29 21:38:02+00:00,393000000000000.0,2807142857142.857,,,3152000000000000.0,inf,393000000000000.0
NVIDIA GH200,NVIDIA,GPU,,2023-08-08,,33450000000000.0,66910000000000.0,,494500000000000.0,989500000000000.0,,1979000000000000.0,,,4900000000000.0,,,,700.0,,,,,,5.0,TSMC,,https://resources.nvidia.com/en-us-data-center-overview-mc/en-us-data-center-overview/grace-hopper-superchip-datasheet-partner,,"Bielik 7B,Bielik-11B-v2,Apertus 8B,Apertus 70B",2025-09-12 17:54:16+00:00,1979000000000000.0,2827142857142.857,,,1.5832e+16,inf,1979000000000000.0
MetaX MXC500 (PCIe),MetaX,GPGPU,,2023-06-13,,,15000000000000.0,240000000000000.0,120000000000000.0,,,480000000000000.0,,64000000000.0,18000000000000.0,,,,350.0,,,,,,7.0,,,"https://blog.csdn.net/qq_23934063/article/details/132473834
https://data.eastmoney.com/report/zw_industry.jshtml?infocode=AP202306151590965492",,,2025-07-21 09:20:31+00:00,480000000000000.0,1371428571428.5715,,,3840000000000000.0,inf,480000000000000.0
MetaX MXN100,MetaX,GPU,,2023-06-07,,,,80000000000000.0,,,,160000000000000.0,,,,,,,,,,,,,,,,https://www.metax-tech.com/ndetail/12469.html,,,2025-07-21 09:20:31+00:00,160000000000000.0,inf,,,1280000000000000.0,inf,160000000000000.0
Meta MTIA v1,Meta,Other,,2023-05-18,,,1600000000000.0,51000000000000.0,,51200000000000.0,,102400000000000.0,,128000000.0,800000000000.0,,,373.0,25.0,800.0,,,,,7.0,TSMC,,"https://ai.meta.com/blog/meta-training-inference-accelerator-AI-MTIA/
https://ai.meta.com/blog/next-generation-meta-training-inference-accelerator-AI-MTIA/",,,2025-07-21 09:20:32+00:00,102400000000000.0,4096000000000.0,,,819200000000000.0,inf,102400000000000.0
AWS Inferentia2,Amazon AWS,,,2023-04-13,,,47500000000000.0,190000000000000.0,190000000000000.0,190000000000000.0,,380000000000000.0,,32000000000.0,820000000000.0,1000000000000.0,,,,,,,,,,,,https://perma.cc/YED7-PTH6,,,2025-11-13 14:48:27+00:00,380000000000000.0,inf,190000000000000.0,,3610000000000000.0,inf,380000000000000.0
NVIDIA H800 SXM5,NVIDIA,GPU,,2023-03-21,,29650000000000.0,59300000000000.0,,454500000000000.0,989000000000000.0,,1979000000000000.0,,80000000000.0,3360000000000.0,,,814.0,700.0,1095.0,1755.0,,5120.0,456.0,5.0,TSMC,80000.0,https://www.techpowerup.com/gpu-specs/h800-sxm5.c3975,,"DeepSeekMoE-16B,DeepSeek-V2 (MoE-236B),RWKV-5 (Eagle) 7B,DeepSeek-V3,LLaDA,Step-Video-T2V,MAP-Neo,MiniMax-Text-01,MiniMax-VL-01,MiniMax-M1-40k,MiniMax-M1-80k,Seed1.5-VL,ERNIE-4.5-300B-A47B,Xingrui AI (星睿AI),NTele-R1-32B-V1,Step-Omni,Kimi K2,YuE,Skywork-OR1-32B,dots.llm1,Ring-flash-linear-2.0,Ring-mini-linear-2.0",2025-10-28 19:12:08+00:00,1979000000000000.0,2827142857142.857,,,1.5832e+16,inf,1979000000000000.0
NVIDIA GH100,NVIDIA,GPU,,2023-03-21,,33450000000000.0,66910000000000.0,,494500000000000.0,989500000000000.0,,1979000000000000.0,,,3072000000000.0,,,,700.0,,,,,,,TSMC,,"https://www.techpowerup.com/gpu-specs/nvidia-gh100.g1011

https://videocardz.net/gpu/nvidia-gh100",,,2025-07-21 09:20:33+00:00,1979000000000000.0,2827142857142.857,,,1.5832e+16,inf,1979000000000000.0
NVIDIA L4,NVIDIA,GPU,We divide performance by 2 to convert it from performance over sparse matrices to performance over dense matrices.,2023-03-21,,473300000000.0,30290000000000.0,30290000000000.0,60000000000000.0,121000000000000.0,,242000000000000.0,484000000000000.0,24000000000.0,300100000000.0,,,294.0,72.0,795.0,2040.0,1563.0,192.0,240.0,5.0,TSMC,35800.0,"https://nvdam.widen.net/s/rvq98gbwsw/l4-datasheet-2595652
https://www.techpowerup.com/gpu-specs/l4.c4091",,,2025-07-21 09:20:33+00:00,484000000000000.0,6722222222222.223,,,1936000000000000.0,inf,242000000000000.0
NVIDIA GeForce RTX 4070,NVIDIA,GPU,,2023-02-08,,455400000000.0,29150000000000.0,29150000000000.0,,,,233000000000000.0,,12000000000.0,504200000000.0,,,295.0,285.0,1920.0,2475.0,1313.0,192.0,,,TSMC,35800.0,https://www.techpowerup.com/gpu-specs/geforce-rtx-4070.c3924,,,2025-07-21 09:20:35+00:00,233000000000000.0,817543859649.1228,,,1864000000000000.0,inf,233000000000000.0
Intel Data Center GPU Max 1100,Intel,GPU,,2023-01-10,,,22220000000000.0,22220000000000.0,,,,,,48000000000.0,1230000000000.0,,,1280.0,300.0,1000.0,1550.0,600.0,8192.0,448.0,10.0,Intel,100000.0,https://www.techpowerup.com/gpu-specs/data-center-gpu-max-1100.c4066,,,2025-07-21 09:20:35+00:00,22220000000000.0,74066666666.66667,,,711040000000000.0,inf,22220000000000.0
Intel Data Center GPU Max 1350,Intel,GPU,,2023-01-10,,,44440000000000.0,44440000000000.0,,,,,,96000000000.0,2460000000000.0,,,1280.0,450.0,750.0,1550.0,1200.0,8192.0,896.0,10.0,Intel,100000.0,https://www.techpowerup.com/gpu-specs/data-center-gpu-max-1350.c4067,,,2025-07-21 09:20:36+00:00,44440000000000.0,98755555555.55556,,,1422080000000000.0,inf,44440000000000.0
Intel Data Center GPU Max 1550,Intel,GPU,,2023-01-10,,,52430000000000.0,52430000000000.0,,,,,,128000000000.0,3280000000000.0,,,1280.0,600.0,900.0,1600.0,1600.0,8192.0,1024.0,10.0,Intel,100000.0,https://www.techpowerup.com/gpu-specs/data-center-gpu-max-1350.c4067,,,2025-07-21 09:20:36+00:00,52430000000000.0,87383333333.33333,,,1677760000000000.0,inf,52430000000000.0
AMD Radeon Instinct MI300,AMD,GPU,,2023-01-04,,47870000000000.0,47870000000000.0,383000000000000.0,,,,,,128000000000.0,6550000000000.0,,,1017.0,600.0,1000.0,1700.0,1600.0,8192.0,880.0,5.0,TSMC,153000.0,https://www.techpowerup.com/gpu-specs/radeon-instinct-mi300.c4019,,,2025-07-27 17:27:01+00:00,383000000000000.0,638333333333.3334,,,6128000000000000.0,inf,383000000000000.0
AMD Instinct MI300A,AMD,GPU,,2023-01-04,,61300000000000.0,122600000000000.0,980600000000000.0,490300000000000.0,980600000000000.0,,1961200000000000.0,,128000000000.0,5300000000000.0,,,,760.0,,,,,,5.0,,,https://www.amd.com/content/dam/amd/en/documents/instinct-tech-docs/data-sheets/amd-instinct-mi300a-data-sheet.pdf,,,2025-07-21 09:20:37+00:00,1961200000000000.0,2580526315789.4736,,,1.56896e+16,inf,1961200000000000.0
Baidu Kunlun RG800,Kunlunxin Baidu,XPU-R,https://archive.ph/XFJOZ,2023-01-01,,,32000000000000.0,128000000000000.0,,,128000000000000.0,256000000000000.0,,32000000000.0,512000000000.0,,,,130.0,,,,,,,,,,,,2025-07-21 09:20:39+00:00,256000000000000.0,1969230769230.7693,,,2048000000000000.0,inf,256000000000000.0
MetaX MXC500 (OAM),MetaX,GPGPU,,2023-01-01,,,18000000000000.0,280000000000000.0,140000000000000.0,,,560000000000000.0,,64000000000.0,18000000000000.0,,,,450.0,,,,,,7.0,,,"https://blog.csdn.net/qq_23934063/article/details/132473834
https://data.eastmoney.com/report/zw_industry.jshtml?infocode=AP202306151590965492",,,2025-07-21 09:20:39+00:00,560000000000000.0,1244444444444.4443,,,4480000000000000.0,inf,560000000000000.0
Tianshu Zhixin Zhikai 100,Iluvatar CoreX,GPU,https://zhuanlan.zhihu.com/p/593594163,2022-12-20,,,24000000000000.0,96000000000000.0,,,,384000000000000.0,,,,,,,,,,,,,,,,,,,2025-07-21 09:20:40+00:00,384000000000000.0,inf,,,3072000000000000.0,inf,384000000000000.0
NVIDIA RTX 6000 Ada Generation,NVIDIA,GPU,"NVIDIA does not market this product for use in a datacenter, but the company describes it as a data center product in technical documentation (https://perma.cc/XUH2-YUMD), and the company's data center drivers are compatible with it (https://perma.cc/UXN9-637L). We divide performance by 2 to convert it from performance over sparse matrices to performance over dense matrices.",2022-12-03,6799.0,1423000000000.0,91060000000000.0,91060000000000.0,,,,,,,,,,608.0,,,,,,,5.0,TSMC,76300.0,"https://perma.cc/63JP-L3WM
https://www.techpowerup.com/gpu-specs/rtx-6000-ada-generation.c3933",,"BADGER,PARM",2025-07-21 09:20:40+00:00,91060000000000.0,inf,729000000000000.0,,5832000000000000.0,13393146050.889835,91060000000000.0
NVIDIA A800 PCIe 40 GB,NVIDIA,GPU,,2022-11-08,,9746000000000.0,19490000000000.0,77970000000000.0,155900000000000.0,311800000000000.0,,,,,1560000000000.0,,,826.0,250.0,,1410.0,,5120.0,432.0,7.0,TSMC,54200.0,"https://www.techpowerup.com/gpu-specs/a800-pcie-40-gb.c3964
https://www.techpowerup.com/gpu-specs/a800-pcie-80-gb.c3965
https://www.techpowerup.com/gpu-specs/a800-sxm4-80-gb.c3966",,"FLM-101B,Skywork-13B,DreamLLM,BGE-M3 Embedding,OmniGen,ProSST,Baichuan 2-7B,YaYi 2.0,Baichuan1-7B,DiffPepBuilder,DiLoCoX (Qwen1.5-107B on WT-103)",2025-07-21 09:20:46+00:00,311800000000000.0,1247200000000.0,,,4988800000000000.0,inf,311800000000000.0
AMD Radeon RX 7900 XTX,AMD,GPU,,2022-11-03,999.0,1919000000000.0,61420000000000.0,122800000000000.0,,,,,,24000000000.0,960000000000.0,,,529.0,335.0,1860.0,2499.0,2500.0,384.0,96.0,,,57700.0,https://www.techpowerup.com/gpu-specs/radeon-rx-7900-xtx.c3941,https://www.pcgamer.com/amd-radeon-rx-7900-xtx-xt-price-release-date-specs/,,2025-07-21 09:20:46+00:00,122800000000000.0,366567164179.1045,,,1965440000000000.0,122922922922.92291,122800000000000.0
NVIDIA A800 PCIe 80 GB,NVIDIA,GPU,,2022-11-03,,9746000000000.0,19490000000000.0,77970000000000.0,155900000000000.0,311800000000000.0,,,,,1940000000000.0,,,826.0,250.0,,1410.0,,,432.0,7.0,TSMC,,https://www.techpowerup.com/gpu-specs/a800-pcie-80-gb.c3965,,"Xinyu,MindLink-72B,MindLink-32B,XuanYuan-70B,Aquila2‑70B‑Expr",2025-09-18 10:13:29+00:00,311800000000000.0,1247200000000.0,,,4988800000000000.0,inf,311800000000000.0
Amazon Trainium1,Amazon AWS,GPU,,2022-10-15,,,47500000000000.0,190000000000000.0,190000000000000.0,190000000000000.0,,420000000000000.0,,,9800000000000.0,,,,,,,,,,,,,https://web.archive.org/web/20230518023215/https://awsdocs-neuron.readthedocs-hosted.com/en/v2.9.1/general/arch/neuron-hardware/trainium.html,,"nekomata-14b,Amazon Nova Canvas,Amazon Nova Reel,Amazon Nova Micro,Amazon Nova Lite,Amazon Nova Pro",2025-11-13 14:48:23+00:00,420000000000000.0,inf,,,3610000000000000.0,inf,420000000000000.0
GroqChip LPU v1,,LPU,,2022-10-15,,,,188000000000000.0,,,,750000000000000.0,,230000000.0,80000000000000.0,,,,215.0,900.0,,,,,14.0,,,https://groq.com/wp-content/uploads/2024/08/GroqChip%E2%84%A2-Processor-Product-Brief-v1.7.pdf,,,2025-07-21 09:21:01+00:00,750000000000000.0,3488372093023.256,,,6000000000000000.0,inf,750000000000000.0
NVIDIA L40,NVIDIA,GPU,,2022-10-13,,1414000000000.0,90520000000000.0,90520000000000.0,,181000000000000.0,,362000000000000.0,,48000000000.0,864000000000.0,,,608.0,300.0,735.0,2490.0,2250.0,384.0,568.0,,,76300.0,https://www.techpowerup.com/gpu-specs/l40.c3959; https://www.nvidia.com/content/dam/en-zz/Solutions/design-visualization/support-guide/NVIDIA-L40-Datasheet-January-2023.pdf,,,2025-07-21 09:21:01+00:00,362000000000000.0,1206666666666.6667,,,2896640000000000.0,inf,362000000000000.0
NVIDIA H100 PCIe,NVIDIA,GPU,Listed performance figures are without sparsity.,2022-09-20,,25610000000000.0,51220000000000.0,204900000000000.0,378000000000000.0,756000000000000.0,,,,80000000000.0,2040000000000.0,600000000000.0,400000000000.0,814.0,350.0,1095.0,1755.0,,,,4.0,TSMC,80000.0,https://www.techpowerup.com/gpu-specs/h100-pcie.c3899,,"SO3LR,RNAdiffusion,RDT-1B,SmolLM-1.7B,FoxBrain,NatureLM-audio",2025-11-13 14:52:16+00:00,756000000000000.0,2160000000000.0,,,1.2096e+16,inf,756000000000000.0
NVIDIA GeForce RTX 4090,NVIDIA,GPU,,2022-09-20,1599.0,1290000000000.0,82600000000000.0,82600000000000.0,82600000000000.0,330000000000000.0,,660600000000000.0,,24000000000.0,1008000000000.0,,,608.0,450.0,2235.0,2520.0,1313.0,384.0,512.0,,,76300.0,https://www.techpowerup.com/gpu-specs/geforce-rtx-4090.c3889,https://www.pcgamesn.com/nvidia/rtx-4090-release-date-price-spec-and-benchmarks,"Diamond,JetFire (GPT2-LARGE),Rethinking Molecular Design: Integrating Latent Variable and Auto-Regressive Models for Goal Directed Generation,AtomFlow,OmniGenome,ManiGaussian,Fish-Speech 1.4",2025-07-21 09:21:02+00:00,660600000000000.0,1468000000000.0,,,5284800000000000.0,413133208255.1595,660600000000000.0
NVIDIA H100 SXM5 80GB,NVIDIA,GPU,Listed performance figures are without sparsity.,2022-09-20,33600.0,33450000000000.0,66910000000000.0,133800000000000.0,494700000000000.0,989400000000000.0,,1979000000000000.0,,80000000000.0,3350000000000.0,900000000000.0,400000000000.0,814.0,700.0,1665.0,1980.0,1313.0,5120.0,528.0,5.0,TSMC,80000.0,https://resources.nvidia.com/en-us-tensor-core/nvidia-tensor-core-gpu-datasheet; https://www.techpowerup.com/gpu-specs/h100-sxm5.c3900,"No official MSRP. 

Industry analyst in May 2023 reports DGX servers with 8xH100 were sold for $269k, or $33,600 per GPU. In bill of materials, 8 GPUs + baseboard are $195k, or $24.4k per GPU. It is possible that this reflects bulk/hyperscaler pricing

https://web.archive.org/web/20230529125834/https://www.semianalysis.com/p/ai-server-cost-analysis-memory-is 

One early listing had DGX at 370k EUR, or ~44.5k USD per card.

https://web.archive.org/web/20220929115124/https://www.deltacomputer.com/nvidia-dgx-h100-640gb.html ","Inflection-1,Inflection-2,MPT-30B,StarCoder 2 7B,Llama 3-70B,DBRX,Evo,Inflection-2.5,Reka Core,Reka Flash,Stable LM 2 12B,Llama 3-8B,phi-3-mini 3.8B,Jamba,Nemotron-4 340B,Multi-Token Prediction 7B,Multi-Token Prediction 13B,Llama 3.1-405B,Mamba2-Hybrid,EXAONE 3.0,Jamba 1.5-Large,OLMoE,Falcon Mamba,Pharia-1-LLM-7B,Llama 3.2 1B,Llama 3.2 3B,Llama 3.2 11B,Llama 3.2 90B,Movie Gen Video,Movie Gen Audio,phi-3.5-mini,phi-3.5-Vision,Stable Video 4D (SV4D),Yi-Lightning,Mistral Large,NVLM-D 72B,NVLM-H 72B,Luma Dream Machine,GRITLM 8x7B,Nemotron-4 15B,Tulu 3 (Tülu 3) 70B,Hermes 3 405B,Hermes 3 70B,Hermes 3 8B,DISTRO,Allegro,Zephyr 141B-A39B																																						,NVLM-X 72B,Llama 3.3 70B,Granite 3.0 8B,Granite 3.0 2B,OLMo 2 Furious 7B,OLMo 2 Furious 13B,LLaVA-CoT,Cosmos-1.0-
Diffusion-14B Video2World,TAIWAN-LLM 13B,TAIWAN-LLM 7B,TAIDE-LX-7B,Llama-3-Taiwan-70B
,SimPO,Yi-VL-34B,s1,NVILA 15B,NVILA 8B,Grok 3,Grok-2,Llama SEA-LION V2 8B,SEA-LION V3 Gemma2 9B,SEA-LION V3 Llama3.1 70B,EXAONE Deep 2.4B,EXAONE Deep 7.8B,EXAONE Deep 32B,Ovis-7B,Molmo 72B,Phi-4,Phi-3.5-MoE,Seaweed-7B,dnaGrinder,OpenELM-450M,OpenELM-3B,Nemotron-H 56B,MULAN,OpenPhenom-S/16,Quiet-STaR,Granite 3.1 2B,Granite 3.2 2B ,Granite 3.1 8B,Granite 3.2 8B,LongVU,ProtChatGPT,Zamba2-7B,ProteinStructureTransformer,Phi-4-Reasoning,Phi-4-Reasoning-plus,LLama 3..2 Typhoon 2 1B,LLama 3.2 Typhoon 2 3B,Typhoon 2 7B,Llama 3.1 Typhoon 2 8B,Llama 3.1 Typhoon 2 70B,Pleias-RAG-1B,Pleias-RAG-350m,Pleias 1.0 1.2B,Pleias 1.0 350m,Meissonic,GR00T N1 2B,Eagle 2,Gemma2 9B CPT Sahabat-AI,DCLM 7B,GAIA-2,rStar-Math (Qwen2.5-Math-7B base),rStar-Math (Qwen2-Math-7B base),Amazon Nova Canvas,Amazon Nova Reel,Amazon Nova Micro,Amazon Nova Lite,Amazon Nova Pro,Tulu 3 8B,Tulu 3 405B,OLMo 2 32B,Megrez-3B-Omni,Reka Edge,OpenBioLLM-Llama3-70B,OpenBioLLM-Llama3-8B,Earth-2 (cBottle-SR),Fish-Speech 1.4,Llama 4 Behemoth (preview),Mercury Coder Small,Mercury Coder Mini,AlphaGenome,gpt-oss-120b,gpt-oss-20b,Falcon3-7B,Falcon-H1,OpenThaiGPT 1.6 /  OTG-1.6 (72B),OpenThaiGPT R1 32b / OTG-R1 (32B),XY-LENTXL,MolmoAct-7B-D,Microsoft MAI-1,Stable Video 4D 2.0 (SV4D 2.0),Granite-Docling,ether0,Smaug-72B,Smaug-34B,Cosmos-Predict1-14b-Video2World,Cosmos-Predict1-7b-Video2World,Cosmos-Transfer1-7B,Trillion-7B,Cosmos-Predict2.5 2B,Cosmos-Predict2.5-14B,Tiny Recursive Model (TRM-Att),OpenDiLoCo 1.1B",2025-11-14 18:27:23+00:00,1979000000000000.0,2827142857142.857,,,1.5832e+16,58898809523.809525,1979000000000000.0
NVIDIA GeForce RTX 4080,NVIDIA,GPU,,2022-09-20,1199.0,761500000000.0,48740000000000.0,48740000000000.0,,,,390000000000000.0,,16000000000.0,716800000000.0,,,379.0,320.0,2205.0,2505.0,1400.0,256.0,304.0,,TSMC,45900.0,https://www.techpowerup.com/gpu-specs/geforce-rtx-4080.c3888,,,2025-07-21 09:21:02+00:00,390000000000000.0,1218750000000.0,,,3120000000000000.0,325271059216.01337,390000000000000.0
Biren BR100,Biren,GPGPU,,2022-08-22,,,256000000000000.0,,512000000000000.0,1024000000000000.0,,2048000000000000.0,,64000000000.0,1640000000000.0,412000000000.0,,1074.0,550.0,,,,,,7.0,,,https://web.archive.org/web/20221004073838/https://www.birentech.com/product_details/1005557637772464128.html; https://hc34.hotchips.org/assets/program/conference/day1/GPU%20HPC/HC2022.BirenTech.MikeHong.LingjieXu.v01.pdf,,,2025-10-10 16:01:02+00:00,2048000000000000.0,3723636363636.364,,,1.6384e+16,inf,2048000000000000.0
NVIDIA A800 SXM,NVIDIA,GPU,,2022-08-11,,9746000000000.0,19490000000000.0,77970000000000.0,155900000000000.0,311800000000000.0,,,,,2040000000000.0,,,826.0,400.0,,1410.0,,,432.0,7.0,TSMC,,https://www.techpowerup.com/gpu-specs/a800-sxm4-80-gb.c3966,,"Uni-Med,Oryx 34B,Xingrui AI (星睿AI),SkyReels-A1,SkyReels-V2,MiniCPM-4-8B",2025-09-18 09:20:22+00:00,311800000000000.0,779500000000.0,,,4988800000000000.0,inf,311800000000000.0
MT-3000,National University of Defense Technology,Hybrid CPU,,2022-07-01,,12870000000000.0,,,,,,,,128000000000.0,1432000000000.0,,,,256.0,,,,,,,,,https://link.springer.com/article/10.1007/s42514-022-00095-y,,,2025-07-21 09:21:04+00:00,12870000000000.0,50273437500.0,,,823680000000000.0,inf,12870000000000.0
Intel Habana Gaudi2,Intel,,,2022-05-10,,,,,,450000000000000.0,,,,96000000000.0,2450000000000.0,,,826.0,600.0,,,,,24.0,7.0,TSMC,,https://perma.cc/9SR3-HX6Q,,,2025-07-21 09:21:05+00:00,450000000000000.0,750000000000.0,865000000000000.0,,7200000000000000.0,inf,450000000000000.0
NVIDIA GeForce RTX 3090 Ti,NVIDIA,GPU,,2022-03-29,1999.0,625000000000.0,40000000000000.0,40000000000000.0,40000000000000.0,160000000000000.0,,320000000000000.0,,24000000000.0,1008000000000.0,,,628.0,450.0,1560.0,1860.0,1313.0,384.0,336.0,8.0,Samsung,28300.0,https://www.techpowerup.com/gpu-specs/geforce-rtx-3090-ti.c3829,https://www.wikiwand.com/en/GeForce_30_series,"YOLOv10-X,pKALM,FMMformer (2-kernel fast weight + Band20),Lightweight Fine-tuning a Pretrained Protein Language Model for Protein Secondary,ControlNet (SDv2)",2025-09-29 14:33:13+00:00,320000000000000.0,711111111111.1111,,,2560000000000000.0,160080040020.01,320000000000000.0
Cambricon MLU370-X8,Cambricon,,"https://www.cambricon.com/index.php?m=content&c=index&a=lists&catid=406
https://archive.ph/5cIeg",2022-03-21,,,24000000000000.0,96000000000000.0,,,128000000000000.0,256000000000000.0,,48000000000.0,614400000000.0,,,,250.0,,,,,,7.0,,,,,,2025-07-21 09:21:08+00:00,256000000000000.0,1024000000000.0,,,2048000000000000.0,inf,256000000000000.0
Huawei Ascend 910B,Huawei,GPU,,2022-03-17,16854.0,,94000000000000.0,376000000000000.0,,,,,,32000000000.0,1228000000000.0,392000000000.0,,,400.0,,,900.0,,,7.0,SMIC,,"https://archive.ph/cF945
https://cset.georgetown.edu/publication/pushing-the-limits-huaweis-ai-chip-tests-u-s-export-controls/#:~:text=Ascend%20910%20models%20range%20from,specially%20designed%20for%20AI%20operations
https://www.trendforce.com/news/2024/06/11/news-huaweis-self-developed-ai-chip-challenges-nvidia-boasting-its-ascend-910b-to-be-equal-in-match-with-a100/

different sources report different performance (376 TFLOPS vs 220 TFLOPS vs 320 TFLOPS)

as for release date - the earliest mentioning I found is March, 17 2022 (https://r.huaweistatic.com/s/ascendstatic/lst/files/pdf/PR425KI.pdf)

energy source: https://arthurchiao.art/blog/gpu-data-sheets/
","https://www.trendforce.com/news/2024/06/11/news-huaweis-self-developed-ai-chip-challenges-nvidia-boasting-its-ascend-910b-to-be-equal-in-match-with-a100/
120,000 yuan = 16800 USD at mid-2023 rate of 0.14 yuan per dollar.","Pangu Ultra,Pangu Ultra MoE,Spark-X1",2025-10-10 16:01:02+00:00,376000000000000.0,940000000000.0,,,6016000000000000.0,22309244096.35695,376000000000000.0
Baidu Kunlun R100 (75W),Kunlunxin Baidu,XPU-R,https://archive.ph/XFJOZ,2022-01-01,,,18000000000000.0,64000000000000.0,,,64000000000000.0,128000000000000.0,,12000000000.0,384000000000.0,,,,75.0,,,,,,,,,,,,2025-07-21 09:21:11+00:00,128000000000000.0,1706666666666.6667,,,1024000000000000.0,inf,128000000000000.0
Baidu Kunlun R100 (100W),Kunlunxin Baidu,XPU-R,https://archive.ph/XFJOZ,2022-01-01,,,20000000000000.0,85000000000000.0,,,85000000000000.0,170000000000000.0,,12000000000.0,384000000000.0,,,,100.0,,,,,,,,,,,,2025-07-21 09:21:11+00:00,170000000000000.0,1700000000000.0,,,1360000000000000.0,inf,170000000000000.0
Baidu Kunlun R200 (150W),Kunlunxin Baidu,XPU-R,https://zhuanlan.zhihu.com/p/646793342,2022-01-01,,,32000000000000.0,128000000000000.0,,,128000000000000.0,256000000000000.0,,16000000000.0,512000000000.0,,,,150.0,,,,,,7.0,,,,,,2025-07-21 09:21:12+00:00,256000000000000.0,1706666666666.6667,,,2048000000000000.0,inf,256000000000000.0
Baidu Kunlun R200-8F (160W),Kunlunxin Baidu,XPU-R,https://zhuanlan.zhihu.com/p/646793342,2022-01-01,,,32000000000000.0,128000000000000.0,,,128000000000000.0,256000000000000.0,,32000000000.0,512000000000.0,,,,160.0,,,,,,7.0,,,,,,2025-07-21 09:21:12+00:00,256000000000000.0,1600000000000.0,,,2048000000000000.0,inf,256000000000000.0
AMD Radeon Instinct MI250X,AMD,GPU,,2021-11-08,14500.0,47870000000000.0,47870000000000.0,383000000000000.0,95700000000000.0,383000000000000.0,,383000000000000.0,,128000000000.0,3280000000000.0,800000000000.0,,724.0,500.0,1000.0,1700.0,1600.0,8192.0,,6.0,TSMC,58200.0,"https://www.amd.com/en/products/accelerators/instinct/mi200/mi250x.html
https://www.techpowerup.com/gpu-specs/radeon-instinct-mi250x.c3837",https://www.nextplatform.com/2021/12/06/stacking-up-amd-mi200-versus-nvidia-a100-compute-engines/,"BLUUMI,Poro 34B,Viking,OLMo-7B,ColPali,OLMo-1B",2025-10-10 16:01:02+00:00,383000000000000.0,766000000000.0,,,6128000000000000.0,26413793103.44828,383000000000000.0
Cambricon MLU370-S4/S8,Cambricon,,"https://www.cambricon.com/index.php?m=content&c=index&a=lists&catid=365
https://archive.ph/014bu",2021-11-03,,,18000000000000.0,72000000000000.0,,,96000000000000.0,192000000000000.0,,24000000000.0,307200000000.0,,,,75.0,,,,,,7.0,,,,,,2025-07-21 09:21:17+00:00,192000000000000.0,2560000000000.0,,,1536000000000000.0,inf,192000000000000.0
Cambricon MLU370-X4,Cambricon,,"https://www.cambricon.com/index.php?m=content&c=index&a=lists&catid=371
https://archive.ph/qFoAQ",2021-11-03,,,24000000000000.0,96000000000000.0,,,128000000000000.0,256000000000000.0,,24000000000.0,307200000000.0,,,,150.0,,,,,,7.0,,,,,,2025-07-21 09:21:17+00:00,256000000000000.0,1706666666666.6667,,,2048000000000000.0,inf,256000000000000.0
Cambricon MLU370-S8,Cambricon,,"https://www.cambricon.com/index.php?m=content&c=index&a=lists&catid=365
https://archive.ph/014bu",2021-11-03,,,18000000000000.0,72000000000000.0,,,96000000000000.0,192000000000000.0,,48000000000.0,307200000000.0,,,,75.0,,,,,,7.0,,,,,,2025-07-21 09:21:17+00:00,192000000000000.0,2560000000000.0,,,1536000000000000.0,inf,192000000000000.0
Cambricon MLU370-S4,Cambricon,,"https://www.cambricon.com/index.php?m=content&c=index&a=lists&catid=365
https://archive.ph/014bu",2021-11-03,,,18000000000000.0,72000000000000.0,,,96000000000000.0,192000000000000.0,,24000000000.0,307200000000.0,,,,75.0,,,,,,7.0,,,,,,2025-07-21 09:21:17+00:00,192000000000000.0,2560000000000.0,,,1536000000000000.0,inf,192000000000000.0
Tesla D1 Dojo,Tesla,GPU,,2021-08-21,,,22600000000000.0,,,362000000000000.0,,,,,10000000000000.0,,,,400.0,,,,,,7.0,TSMC,,https://semianalysis.com/2021/08/25/the-tesla-dojo-chip-is-impressive/,,,2025-07-21 09:21:19+00:00,362000000000000.0,905000000000.0,,,5792000000000000.0,inf,362000000000000.0
Baidu Kunlun II,Kunlunxin Baidu,XPU-R,"https://zhuanlan.zhihu.com/p/646793342
https://www.tomshardware.com/news/baidu-unveils-kunlun-ii-processor-for-ai
https://www.hpcwire.com/2021/08/18/baidu-brain-7-0-ai-platform-announced-baidu-kunlun-ii-ai-chips-now-in-mass-production/",2021-08-18,,,,128000000000000.0,,,,256000000000000.0,,32000000000.0,512000000000.0,,,,150.0,,,,,,7.0,,,https://web.archive.org/web/20250505083031/https://news.qq.com/rain/a/20221129A02ZKE00,,,2025-07-21 09:21:19+00:00,256000000000000.0,1706666666666.6667,,,2048000000000000.0,inf,256000000000000.0
Shensuan-1,Hygon,DCU (GPGPU),https://pdf.dfcfw.com/pdf/H3_AP202405141633079130_1.pdf?1715720114000.pdf,2021-07-01,,,,24500000000000.0,,,,,,32000000000.0,1024000000000.0,,,,350.0,,,,,,7.0,,,https://hk-official.cmbi.info/upload/b678e2ea-ba52-47b7-bc97-893d2bfdd36d.pdf,,,2025-07-21 09:21:22+00:00,24500000000000.0,70000000000.0,,,392000000000000.0,inf,24500000000000.0
Google TPU v4,Google,TPU,,2021-05-20,,,,,,275000000000000.0,,275000000000000.0,,32000000000.0,1200000000000.0,,,,170.0,,,,,,7.0,,,https://cloud.google.com/tpu/docs/system-architecture-tpu-vm,https://technical.city/en/video/GeForce-GTX-580,"Flamingo,GLaM,CodeGen-Mono 16.1B,Ankh_large,Cohere Command,CoCa,PaLI,BASIC-L,XGen-7B,PaLM 2,Minerva (540B),UniPi,PaLM (540B),Chinchilla,AlphaCode,OpenLLaMA-13B,Gemini 1.0 Ultra,GNoME for crystal discovery,U-PaLM (540B),Ankh_base,AudioLM,Parti,Flan-PaLM 540B,Flan-T5 11B,Aya,Unified-IO (XL),Cohere Command Light,ViT-22B,Gemini 1.0 Pro,UL2,Imagen,Gemini 1.5 Flash,Gemma 2 9B,AFM-server,GenMS,Imagen 3,Med-Gemini-2D,Med-Gemini-3D,Med-Gemini-M 1.5,SigLIP 400M,SigLiT,Gemini 1.5 Flash 8B,Gemini 1.5 Pro,Gemma 3 12B,Gemini Robotics,LLPS,Octo-Base,Octo-Small,Cambrian-1-34B,Cambrian-1-13B,Cambrian-1-8B,ProtBFN,TxGemma 2B,TxGemma 9B,TxGemma 27B,SILC-S* (86M),Gemini Robotics-ER,Marin 8B,Primer (GPT-3 XL-like 1.9B),LIMoE-H/14,AlphaEarth Foundations (AEF),Gemini Robotics-ER 1.5,Gemini Robotics 1.5 ,C2S-Scale",2025-10-30 18:29:38+00:00,275000000000000.0,1617647058823.5293,,,4400000000000000.0,inf,275000000000000.0
NVIDIA RTX A4000,NVIDIA,GPU,,2021-04-12,1000.0,599000000000.0,19170000000000.0,19170000000000.0,,,,,,16000000000.0,448000000000.0,,,392.0,140.0,735.0,1560.0,1750.0,256.0,192.0,8.0,Samsung,17400.0,techpowerup.com/gpu-specs/rtx-a4000.c3756,https://develop3d.com/hardware/nvidia-rtx-a4000-and-rtx-a5000-gpus-launch/,,2025-07-21 09:21:30+00:00,19170000000000.0,136928571428.57144,,,613440000000000.0,19170000000.0,19170000000000.0
NVIDIA A10G,NVIDIA,GPU,,2021-04-12,,985000000000.0,31500000000000.0,31500000000000.0,,,,,,24000000000.0,600200000000.0,,,628.0,150.0,1320.0,1710.0,1563.0,384.0,288.0,8.0,Samsung,28300.0,https://www.techpowerup.com/gpu-specs/a10g.c3798,,TimeGPT-1,2025-07-21 09:21:27+00:00,31500000000000.0,210000000000.0,,,1008000000000000.0,inf,31500000000000.0
NVIDIA RTX A5000,NVIDIA,GPU,,2021-04-12,2250.0,867800000000.0,27770000000000.0,27770000000000.0,,,,,,24000000000.0,768000000000.0,,,628.0,230.0,1170.0,1695.0,2000.0,384.0,256.0,8.0,Samsung,28300.0,https://www.techpowerup.com/gpu-specs/rtx-a5000.c3748,https://develop3d.com/hardware/nvidia-rtx-a4000-and-rtx-a5000-gpus-launch/,"Refact-1.6B,BiomedGPT (182M),GITIII",2025-07-21 09:21:31+00:00,27770000000000.0,120739130434.7826,,,888640000000000.0,12342222222.22222,27770000000000.0
NVIDIA A10 PCIe,NVIDIA,GPU,,2021-04-12,2800.0,976300000000.0,31240000000000.0,31240000000000.0,,,,250000000000000.0,,24000000000.0,600200000000.0,,,628.0,150.0,885.0,1695.0,,384.0,288.0,8.0,Samsung,28300.0,"https://www.techpowerup.com/gpu-specs/a10-pcie.c3793#:~:text=The%20A10%20PCIe%20is%20a,card%20supports%20DirectX%2012%20Ultimate.",https://www.nextplatform.com/2021/04/15/nvidia-rounds-out-ampere-lineup-with-two-new-accelerators/,Goat-7B,2025-07-21 09:21:27+00:00,250000000000000.0,1666666666666.6667,,,2000000000000000.0,89285714285.71428,250000000000000.0
Tianshu Zhixin Tiangai 100 (BI-V100),Iluvatar CoreX,GPGPU,"http://www.cloudhin.com/xk/showproduct.php?id=275
https://archive.ph/TFXOA",2021-03-31,,,32000000000000.0,128000000000000.0,,,,256000000000000.0,,32000000000.0,,,,,250.0,,,,,,7.0,,,,,,2025-07-21 09:21:41+00:00,256000000000000.0,1024000000000.0,,,2048000000000000.0,inf,256000000000000.0
Cambricon MLU290-M5,Cambricon,,"https://www.cambricon.com/index.php?m=content&c=index&a=lists&catid=340
https://archive.ph/i32rD",2021-01-21,,,,,,,256000000000000.0,512000000000000.0,,32000000000.0,1228000000000.0,,,,350.0,,,,,,7.0,,,,,,2025-07-21 09:22:08+00:00,512000000000000.0,1462857142857.1428,,,4096000000000000.0,inf,512000000000000.0
NVIDIA A100 SXM4 80 GB,NVIDIA,GPU,,2020-11-16,,9746000000000.0,19490000000000.0,77970000000000.0,156000000000000.0,312000000000000.0,,624000000000000.0,,80000000000.0,2039000000000.0,600000000000.0,200000000000.0,826.0,400.0,1275.0,1410.0,1593.0,5120.0,432.0,7.0,TSMC,54200.0,https://www.techpowerup.com/gpu-specs/a100-sxm4-80-gb.c3746,,"InternLM,Llama 2-70B,Galactica,StarCoder,Luminous-supreme,JIANG,Megatron-Turing NLG 530B,RWKV-4 14B,OPT-175B,Code Llama-34B,Llama 2-34B,CodeFuse-13B,XuanYuan 2.0,Llama 2-7B,Llama 2-13B,Fusion in Encoder,GGNN,OmegaPLM,Orca 2-13B,Code Llama-70B,MMS-1B,Llama Guard,Code Llama-7B,VideoMAE V2,Emu1 (BAAI),OpenFlamingo,StarCoder 2 3B,Volcano 13B,BLOOM-176B,NLLB,OPT-66B,A.X (Adot) 18B,Chameleon-34B,FragLlama: Next-fragment prediction for molecular design,YaART,Multi-Token Prediction 7B,Multi-Token Prediction 13B,Pharia-1-LLM-7B,LBSTER,Stable Video 3D (SV3D),Stable Video Diffusion,BELLE-LLaMA-EXT-7B,GRITLM 7B,MindEye2,MobileCLIP-B (LT),TiTok-L,Alpaca,PepPrCLIP,Amber,Code Llama-13B,StableLM - Zephyr 3B,Minitron 8B,Minitron 4B,Llama-3.1-Minitron-4B,F5-TTS, InternVL,SparseOPT-175B,Hybrid H3-2.7B,Phi-4-Multimodal,Phi-4 Mini,Transformer-XL + RMT,LLaVA-NeXT-32B-Qwen,OpenELM-270M,OpenELM-1.1B,OmniNA,Typhoon2-Vision ,HuaTuo,GPT3-2.7B (FlashAttention-2),Hyena 1.3B,Hyena-2 355M,Hyena-2 153M,HAMSTER VLM,VILA-13B,BFS-Prover,CollabLLM,Meditron-70B,Kokoro v1.0,Kokoro v0.19,Me Llama 70B,Me Llama 13B,UniDiffuser (多模态大模型),Baize-v2-13B (白泽),SDXL-Lightning,ChunkLlama2-13B",2025-11-04 01:45:50+00:00,624000000000000.0,1560000000000.0,,,4992000000000000.0,inf,624000000000000.0
NVIDIA RTX A6000,NVIDIA,GPU,,2020-10-05,4649.0,1210000000000.0,38700000000000.0,38700000000000.0,,,,,,48000000000.0,768000000000.0,,,628.0,300.0,1410.0,1800.0,2000.0,384.0,336.0,8.0,Samsung,28300.0,https://www.techpowerup.com/gpu-specs/rtx-a6000.c3686,https://wccftech.com/nvidia-rtx-a6000-48-gb-workstation-graphics-card-full-ga102-gpu-4650-us/,"DiffDock,QMoE: compressed SwitchTransformer,DeepUrfold,llama-3-airoboros-70b-3.3,Mdgen,Precious3GPT,P-Llama2,AbGPT,P-LLama3,ProLLaMA,DiscDiff,Improved motif-scaffolding with SE(3) flow matching,P-gemma,P-Mistral,NAEPro,RoseTTAFold All-Atom (RFAA),VASA-1,Repress",2025-10-16 19:31:13+00:00,38700000000000.0,129000000000.0,,,1238400000000000.0,8324370832.437083,38700000000000.0
NVIDIA A40 PCIe,NVIDIA,GPU,,2020-10-05,,584600000000.0,37420000000000.0,37420000000000.0,74800000000000.0,149700000000000.0,,299300000000000.0,,48000000000.0,695800000000.0,,,628.0,300.0,1305.0,1740.0,1812.0,384.0,336.0,8.0,Samsung,28300.0,https://www.techpowerup.com/gpu-specs/a40-pcie.c3700; https://images.nvidia.com/content/Solutions/data-center/a40/nvidia-a40-datasheet.pdf,,"UdanDTI,RNADiffFold,DDPM,StyleTTS 2,Decaying Fast Weights Transformer (WT-103)",2025-08-04 15:37:58+00:00,299300000000000.0,997666666666.6666,,,2395200000000000.0,inf,299300000000000.0
NVIDIA GeForce RTX 3080,NVIDIA,GPU,,2020-09-01,699.0,465100000000.0,29770000000000.0,29770000000000.0,,,,,,10000000000.0,760000000000.0,,,628.0,320.0,1440.0,1710.0,1188.0,320.0,272.0,8.0,Samsung,28300.0,https://www.techpowerup.com/gpu-specs/geforce-rtx-3080.c3621,https://www.tomsguide.com/news/nvidia-geforce-rtx-3080-ti,"MTDP,ConoDL",2025-07-21 09:22:30+00:00,29770000000000.0,93031250000.0,,,952640000000000.0,42589413447.78255,29770000000000.0
NVIDIA GeForce RTX 3090,NVIDIA,GPU,We divide performance by 2 to convert it from performance over sparse matrices to performance over dense matrices.,2020-09-01,1499.0,556000000000.0,35580000000000.0,35580000000000.0,,,143000000000000.0,284000000000000.0,,24000000000.0,936000000000.0,,,628.0,350.0,1395.0,1695.0,1219.0,384.0,328.0,8.0,Samsung,28300.0,https://images.nvidia.com/aem-dam/en-zz/Solutions/geforce/ampere/pdf/NVIDIA-ampere-GA102-GPU-Architecture-Whitepaper-V1.pdf#page=38; https://www.techpowerup.com/gpu-specs/geforce-rtx-3090.c3622,https://www.tomsguide.com/news/nvidia-geforce-rtx-3090,"Swift,Robot Parkour,Otter,FinGPT-13B,DeepSA,NLM,MPDF,Text2Protein,TAWFN,Transformer + GFM,Transformer-XL + PowerSGD + L-Greco,DualNetGO,scHyena,Protein-Mamba,RNA-FrameFlow,BiRNA-BERT",2025-08-02 23:27:43+00:00,284000000000000.0,811428571428.5714,,,2288000000000000.0,189459639759.8399,284000000000000.0
NVIDIA A100 PCIe,NVIDIA,GPU,,2020-06-22,,9746000000000.0,19490000000000.0,77970000000000.0,156000000000000.0,312000000000000.0,,624000000000000.0,,40000000000.0,1940000000000.0,600000000000.0,200000000000.0,826.0,300.0,,,,5120.0,432.0,7.0,TSMC,54200.0,"https://www.techpowerup.com/gpu-specs/a100-pcie-80-gb.c3821
https://www.techpowerup.com/gpu-specs/a100-pcie-40-gb.c3623",,"Discriminator Guidance,YuYan 11B,FvFold,Stable Diffusion 1.1,Stable Diffusion 1.4,Stable Diffusion 1.2,Stable Diffusion 1.5",2025-10-29 21:57:38+00:00,624000000000000.0,2080000000000.0,,,4992000000000000.0,inf,624000000000000.0
NVIDIA A100 SXM4 40 GB,NVIDIA,GPU,,2020-05-14,15000.0,9746000000000.0,19490000000000.0,77970000000000.0,156000000000000.0,312000000000000.0,,624000000000000.0,,40000000000.0,1560000000000.0,600000000000.0,200000000000.0,826.0,400.0,1095.0,1410.0,1215.0,5120.0,432.0,7.0,TSMC,54200.0,https://www.techpowerup.com/gpu-specs/a100-sxm4-40-gb.c3506,https://www.nextplatform.com/2022/05/09/how-much-of-a-premium-will-nvidia-charge-for-hopper-gpus/,"Florence,Luminous-supreme,Falcon-180B,GPT-3.5,GPT-4,StableLM-Base-Alpha-7B,Phi-1.5,WeLM,GLM-130B,BlenderBot 3,GPT-NeoX-20B,TinyLlama-1.1B (1T token checkpoint),TinyLlama-1.1B (3T token checkpoint),StableLM-2-1.6B,DINOv2,Stable Code 3B,Falcon-7B,Qarasu-14B,Flan T5-XXL + BLIP-2,BLIP-2 (Q-Former),Swin Transformer V2 (SwinV2-G),SPHINX (Llama 2 13B),EVA-01,CoRe,InstructBLIP,xTrimoPGLM -100B,MPT-7B,Pythia-12b,Pythia-2.8b,Pythia-6.9b,Pythia-160m,Pythia-1b,Pythia-1.4b,Pythia-70m,Pythia-410m,PLaMo-13B,Falcon 2 11B,Janus 1.3B,Luminous-extended,Luminous-base,TeleChat-7B,TeleChat-3B,TeleChat-12B,aiXcoder-7B Base,Janus-Pro-7B,Janus-Pro-1B,SEA-LION V1 3B,SEA-LION V1 7B,Llama-SEA-LION-v2-8B-IT,Novae,HelixProtX,Sailor-7B-Chat,SEA-LION-v1-7B-IT,SGPT BE 5.8B,ToolFormer,Stable Diffusion 2.1,AntiFormer,GPT-2 Medium (FlashAttention),Llemma 7B,Llemma 34B,Teuken 7B,Aquila2 34B,Aquila2‑70B‑Expr,Deepseek OCR",2025-10-30 15:59:26+00:00,624000000000000.0,1560000000000.0,,,4992000000000000.0,41600000000.0,624000000000000.0
NVIDIA A100,NVIDIA,GPU,,2020-03-01,,9700000000000.0,19500000000000.0,77970000000000.0,156000000000000.0,312000000000000.0,,624000000000000.0,,40000000000.0,1560000000000.0,600000000000.0,200000000000.0,826.0,400.0,1280.0,1410.0,1590.0,5120.0,432.0,7.0,TSMC,54200.0,https://www.nvidia.com/content/dam/en-zz/Solutions/Data-Center/a100/pdf/nvidia-a100-datasheet-us-nvidia-1758950-r4-web.pdf; https://www.techpowerup.com/gpu-specs/a100-sxm4-80-gb.c3746,"https://arstechnica.com/gadgets/2016/07/gtx-titan-x-pascal-specs-price-release-date/#:~:text=Surprise!%20%E2%80%94-,Nvidia%20unveils%20new%20GTX%20Titan%20X,teraflops%2C%2012GB%20GDDR5X%2C%20just%20%241%2C200,   https://www.extremetech.com/gaming/232924-nvidia-titan-x-offers-incredible-performance-at-a-significant-cost","DLRM-2022,Taiyi-Stable Diffusion,AR-LDM,Megatron-LM (1T),DLRM-12T,LLaMA-65B,GPT-SW3,CALM,Falcon-40B,Ferret (13B),Show-1,MoE-1.1T,StableLM-3B-4E1T,CodeT5-base,CodeT5-large,CodeT5+,ZymCTRL,BloombergGPT,LLaMA-7B,DiT-XL/2 + Discriminator Guidance,Platypus-70B,OPT-IML (175B),Fairseq-dense 13B,Polyglot-Ko-12.8B,PULI GPTrio,LLaMA-13B,Wu Dao Aquila-7B,Phi-2,Nemotron-3-8B,Japanese-LM-3.6B,EMDR,LDM-1.45B,ImageBind,Tranception,ProtGPT2,gLM,HyenaDNA,Nucleotide Transformer,Segment Anything Model,AudioGen,EnCodec,YaLM,Granite 13B,HyperCLOVA 82B,CoEdiT-xxl,XGLM-7.5B,RQ-Transformer (LSUN-cat dataset),RQ-Transformer (1.4B params ImageNet dataset),RQ-Transformer (3.8B params ImageNet dataset),LLaVA,LLaVA 1.5,LLaVA-NeXT-34B (LLaVA-1.6),CTR-BERT,DeepSeekMoE-16B,eDiff-I,Starling-LM-7B-alpha,OtterHD-8B,OneLLM,InternLM-XComposer,AlexaTM 20B,PLUG,Stable Diffusion (LDM-KL-8-G),Wu Dao Aquila-33B,MegaScale (175B),MegaScale (530B),MegaScale (Production),Evo,Reka Core,Reka Flash,OLMo-7B,MosaicML Diffusion,ruDalle: Kandinsky 3.0,ruDalle: Kandinsky 3.1,Prithvi-100M,GPT-2 (AMPS),HyperCLOVA 204B,Amazon Titan,Perfusion,BGE-M3 Embedding,Swallow,MuggleMath,MiniGPT4 (Vicuna finetune),Genie 2 (bio),OpenVLA,MGK 4 heads (medium),AlphaFold 3,FRED-T5-XL,ruGPT-3.5 13B,CHAI-1,ProteinSetTransformer,Aurora,ERNIE-ViLG 2.0,3-ensemble of Self-ensembles on CIFAR-100,ChatBit,MACE-MP-0,MetaMath 7B (LLaMa finetune),MetaMath 7B (Mistral finetune),T2V-Turbo-v2,VideoCrafter2,4D Diffusion for Dynamic Protein Structure Prediction with Reference Guided Motion Alignment,IDPFold,MolPhenix,Importance of higher-order epistasis in large protein sequence-function relationships,PlasmidGPT,Vicuna-7B v0,Vicuna-13B v0,Vicuna-13B-v1.3,Vicuna-7B-v1.3,RWKV-6 (Finch) 3B,Zephyr 7B,BaiLing TTS,BaseFold,HiFi - NN,Phi-1,HAM-TTS,HGRN 1B (WT 103),IDEFICS-9B,IDEFICS-80B,MatterSim (M3GNet - MatterSim-v1.0.0-5M),MatterSim (Grpaphomer),Apollo 7B,Apollo 3B,Apollo 1.5B,TigerBot-70B,MatterGen,xLSTM 1.4B,Jurassic-1-Jumbo,ALLaM adapted13B
,ALLaM adapted 70B,ALLaM 7B,ALLaM 34B,OLMo-1B,Yi-34B,RNAformer,Fugatto 1,EGRU (PTB),MLDD3UTRmRRNAS,FragLlama,Jaeger,ProtSSN,CoPRA,ProTrek,ProtT3,InstructPLM,GroundingGPT,Uni-RNA-L8,Uni-RNA-L12,ESM-GearNet,Hybrid H3-125M,Hybrid H3-355M,Hybrid H3-1.3B,GearNet,EGRU (WT2),MGK 8 heads (small),S4,Prithvi WxC,InternViT-6B,Vega v2,OmniFusion-7B (InternViT-6B-448px V1-2),EPInformer,DRGN-AI,ProCALM (Uniref9B),PocketFlow,VILA-7B,VILA1.5-13B,Oryx 7B ,Pyramid Flow,FlexSBDD,PocketGen,IgGM,RNAdiffusion,AMPLIFY,Alphaflow,ESMFlow,ProRNA3D-Single,FoldFlow2,SaProt,ESM-AA,OREAL 7B,OREAL 32B,DeepSeek-VL-7B,DeepSeek-VL-1.3B,ProstT5,RiNALMo,PTM-Mamba,Protllm,DecompDiff,Re-Dock,DiscDiff,PLLaMa,FoldFlow,PoET,Genie-SCOPe (bio),DiffSBDD (CrossDocked),RNA-FM,Animate Anyone,Animate Anyone 2,Prithvi-EO-2.0 300M,Prithvi-EO-2.0 600M,Lumina-Image-2.0,Boltz-2,GAIA-1,NÜWA,Amazon Nova Canvas,Amazon Nova Reel,Amazon Nova Micro,Amazon Nova Lite,Amazon Nova Pro,ZhihaiTu AI (知海图),Reka Edge,Grounding Dino L,V-JEPA,STORM-B/8,SANA 1.5 4.8B,Diffusion Renderer,FoundationStereo,Zero-shot Monocular Scene Flow (ZeroMSF),OpenOmni,GigaChat Pro,Hymba,Wu Dao - Wen Lan,Apollo-7B,Turing ULRv5,Alibaba-NLP (mGTE),Canary 1B v2,Parakeet-tdt-0.6b-v3,SauTech,FourCastNet,Demist-2,Surya,ZhiLu-2-8B-Instruct,TerraMind,LongLoRA,Agentar-Fin-R1 8B,Agentar-Fin-R1 32B,Statement Curriculum Learning,LoongRL 7B",2025-11-08 01:45:36+00:00,624000000000000.0,1560000000000.0,,,4992000000000000.0,inf,624000000000000.0
Google TPU v4i,Google,TPU,,2020-01-01,,,,,,138000000000000.0,,,,8000000000.0,614000000000.0,,,400.0,175.0,1055.0,,,,,7.0,,16000.0,https://ieeexplore.ieee.org/stamp/stamp.jsp?tp=&arnumber=9499913,,,2025-10-29 21:37:35+00:00,138000000000000.0,788571428571.4286,,,2208000000000000.0,inf,138000000000000.0
Baidu Kunlun K200,Kunlunxin Baidu,XPU,https://hc32.hotchips.org/assets/program/conference/day2/HotChips2020_ML_Inference_Baidu_Kunlun_v5.pdf,2020-01-01,,,16000000000000.0,64000000000000.0,,,64000000000000.0,256000000000000.0,,16000000000.0,512000000000.0,,,504.0,150.0,,,,,,14.0,,,,,,2025-07-21 09:23:25+00:00,256000000000000.0,1706666666666.6667,,,2048000000000000.0,inf,256000000000000.0
NVIDIA Tesla V100S PCIe 32 GB,NVIDIA,GPU,,2019-11-26,,8177000000000.0,16350000000000.0,32710000000000.0,,130000000000000.0,,,,32000000000.0,1130000000000.0,32000000000.0,100000000000.0,815.0,250.0,1245.0,1597.0,,4096.0,640.0,12.0,TSMC,21100.0,https://www.techpowerup.com/gpu-specs/tesla-v100s-pcie-32-gb.c3467,,"ConSERT,Megatron-BERT",2025-10-10 16:01:28+00:00,130000000000000.0,520000000000.0,,,2080000000000000.0,inf,130000000000000.0
T-Head Hanguang 800,Alibaba,NPU,https://img.102.alibaba.com/1622193035686/9898014ba4eb8adfd3f31db3b2cf26f3.pdf?spm=a2ouz.12987056.0.0.53519352dMhuEh&file=9898014ba4eb8adfd3f31db3b2cf26f3.pdf,2019-09-25,,,,,,,205000000000000.0,825000000000000.0,,,,,,,276.0,,,,,,12.0,,,,,,2025-07-21 09:23:41+00:00,825000000000000.0,2989130434782.609,,,6600000000000000.0,inf,825000000000000.0
Huawei Ascend 910A,Huawei,GPU,"Source for power: https://www.huawei.com/au/news/au/2019/huawei-launches-ascend-910-the-worlds-most-powerful-ai-processor
""For half-precision floating point (FP16) operations, Ascend 910 delivers 256 TeraFLOPS. For integer precision calculations (INT8), it delivers 512 TeraOPS. Despite its unrivaled performance, Ascend 910's max power consumption is only 310W, much lower than its planned specs (350W).""

Source for bandwidth: https://support.huawei.com/enterprise/en/doc/EDOC1100141955/3cf58244/technical-specifications",2019-08-23,,,,256000000000000.0,,,,,,32000000000.0,1288000000000.0,270000000000.0,,,310.0,,,,,,7.0,,,https://www.sciencedirect.com/science/article/pii/S0743731524000480,,,2025-10-10 16:01:02+00:00,256000000000000.0,825806451612.9032,,,4096000000000000.0,inf,256000000000000.0
Huawei Ascend 910A Pro,Huawei,GPU,,2019-08-23,,,,288000000000000.0,,,,,,32000000000.0,1288000000000.0,,,,,,,,,,,,,https://www.sciencedirect.com/science/article/pii/S0743731524000480,,,2025-07-21 09:23:43+00:00,288000000000000.0,inf,,,4608000000000000.0,inf,288000000000000.0
Huawei Ascend 910A Premium,Huawei,GPU,,2019-08-23,,,,320000000000000.0,,,,,,32000000000.0,1288000000000.0,,,,,,,,,,,,,,,,2025-07-21 09:23:42+00:00,320000000000000.0,inf,,,5120000000000000.0,inf,320000000000000.0
Huawei Ascend 910,Huawei,GPU,,2019-08-23,,,,256000000000000.0,,,,512000000000000.0,,,1288000000000.0,,,1228.0,310.0,,,,,,7.0,,,"https://old.hotchips.org/hc31/HC31_1.11_Huawei.Davinci.HengLiao_v4.0.pdf
https://cset.georgetown.edu/publication/pushing-the-limits-huaweis-ai-chip-tests-u-s-export-controls/",,"PanGu-α,CodeGeeX,PanGu-Σ,ERNIE 3.0 Titan",2025-07-21 09:23:41+00:00,512000000000000.0,1651612903225.8064,,,4096000000000000.0,inf,512000000000000.0
Huawei Ascend 910 (320 TFLOPS),Huawei,GPU,,2019-08-23,,,,320000000000000.0,,,,640000000000000.0,,,1288000000000.0,,,1228.0,310.0,,,,,,7.0,,,"https://old.hotchips.org/hc31/HC31_1.11_Huawei.Davinci.HengLiao_v4.0.pdf
https://cset.georgetown.edu/publication/pushing-the-limits-huaweis-ai-chip-tests-u-s-export-controls/",,,2025-07-21 09:23:42+00:00,640000000000000.0,2064516129032.258,,,5120000000000000.0,inf,640000000000000.0
Cambricon MLU270-F4,Cambricon,ASIC,"https://www.cambricon.com/index.php?m=content&c=index&a=lists&catid=37 
https://archive.ph/xX1FH

https://www.cambricon.com/index.php?m=content&c=index&a=show&catid=127&id=27
https://archive.ph/zaZBg",2019-06-20,2080.0,,,,,,64000000000000.0,128000000000000.0,256000000000000.0,16000000000.0,102000000000.0,,,,150.0,,,,,,,,,,,,2025-07-21 09:24:01+00:00,256000000000000.0,1706666666666.6667,,,1024000000000000.0,61538461538.46154,128000000000000.0
Cambricon MLU270-S4,Cambricon,ASIC,"https://www.cambricon.com/index.php?m=content&c=index&a=lists&catid=36
https://archive.ph/Vv13F",2019-06-20,,,,,,,64000000000000.0,128000000000000.0,256000000000000.0,16000000000.0,102000000000.0,,,,70.0,,,,,,,,,,,,2025-07-21 09:24:01+00:00,256000000000000.0,3657142857142.857,,,1024000000000000.0,inf,128000000000000.0
Intel Habana GAUDI HL-205,Intel,,,2019-06-18,,,,,,,,,,,,,,,300.0,,,,,,,,,https://www.new-techeurope.com/2019/06/18/habana-labs-announces-gaudi-ai-training-processor/,,,2025-05-09 20:39:54+00:00,0.0,0.0,,,,,0.0
Baidu Kunlun I,Kunlunxin Baidu,XPU,"https://ieeexplore.ieee.org/stamp/stamp.jsp?tp=&arnumber=9366056
https://www.tomshardware.com/news/baidu-unveils-kunlun-ii-processor-for-ai
",2019-01-01,,,16000000000000.0,64000000000000.0,,,64000000000000.0,256000000000000.0,,,512000000000.0,,,500.0,150.0,,,,,,14.0,,,,,,2025-07-21 09:26:24+00:00,256000000000000.0,1706666666666.6667,,,2048000000000000.0,inf,256000000000000.0
NVIDIA Quadro RTX 4000,NVIDIA,GPU,,2018-11-13,899.0,222500000000.0,7119000000000.0,14240000000000.0,,,,,,8000000000.0,416000000000.0,,,545.0,160.0,1005.0,1545.0,1625.0,256.0,288.0,12.0,TSMC,13600.0,https://www.techpowerup.com/gpu-specs/quadro-rtx-4000.c3336,https://videocardz.net/nvidia-quadro-rtx-4000,CaLM,2025-07-21 09:53:39+00:00,14240000000000.0,89000000000.0,,,227840000000000.0,15839822024.471636,14240000000000.0
Huawei Ascend 310,Huawei,GPU,,2018-10-10,,,,8000000000000.0,,,,16000000000000.0,,,51200000000.0,,,105.0,8.0,,,,,,12.0,,,https://old.hotchips.org/hc31/HC31_1.11_Huawei.Davinci.HengLiao_v4.0.pdf,,,2025-07-21 09:53:47+00:00,16000000000000.0,2000000000000.0,,,128000000000000.0,inf,16000000000000.0
NVIDIA GeForce RTX 2080 Ti 11GB,NVIDIA,GPU,,2018-09-20,999.0,420200000000.0,13450000000000.0,26900000000000.0,,113800000000000.0,,227700000000000.0,,11000000000.0,616000000000.0,,,754.0,250.0,1350.0,1545.0,1750.0,352.0,544.0,12.0,TSMC,18600.0,https://www.techpowerup.com/gpu-specs/geforce-rtx-2080-ti.c3305,,"YuYan 11B,DNABERT,EpiScan,Transformer-XL DeFINE (107M),$\infty$-former (SM),DEQ-Transformer (Post-LN) + Jacobian Regularisation,Memformer (4 encoder + 16 decoder),LSTM-3-layer+Gadam,TaLK Convolution",2025-07-21 09:53:50+00:00,227700000000000.0,910800000000.0,,,1821600000000000.0,227927927927.92792,227700000000000.0
NVIDIA Tesla T4,NVIDIA,GPU,,2018-09-13,,254400000000.0,8141000000000.0,65129999999999.9,,,,,,16000000000.0,320000000000.0,,,545.0,70.0,585.0,1590.0,1250.0,256.0,320.0,12.0,TSMC,13600.0,https://www.techpowerup.com/gpu-specs/tesla-t4.c3316,,CLR_ESP,2025-07-21 09:53:52+00:00,65129999999999.9,930428571428.57,,,1042079999999998.4,inf,65129999999999.9
NVIDIA Quadro RTX 6000,NVIDIA,GPU,,2018-08-13,6300.0,509800000000.0,16309999999999.9,32620000000000.0,,,,,,24000000000.0,672000000000.0,,,754.0,260.0,1440.0,1770.0,1750.0,384.0,576.0,12.0,TSMC,18600.0,https://www.techpowerup.com/gpu-specs/quadro-rtx-6000.c3307,https://videocardz.net/nvidia-quadro-rtx-6000,Projected GAN,2025-07-21 09:53:58+00:00,32620000000000.0,125461538461.53848,,,521920000000000.0,5177777777.777778,32620000000000.0
NVIDIA Quadro RTX 5000,NVIDIA,GPU,,2018-08-13,2300.0,348500000000.0,11150000000000.0,22300000000000.0,,,,,,16000000000.0,448000000000.0,,,545.0,230.0,1620.0,1815.0,1750.0,256.0,384.0,12.0,TSMC,13600.0,https://www.techpowerup.com/gpu-specs/quadro-rtx-5000.c3308,https://videocardz.net/nvidia-quadro-rtx-5000,ProteinBERT,2025-07-21 09:53:58+00:00,22300000000000.0,96956521739.13045,,,356800000000000.0,9695652173.913044,22300000000000.0
NVIDIA Quadro RTX 8000,NVIDIA,GPU,,2018-08-13,,509800000000.0,16300000000000.0,32620000000000.0,,,,,,48000000000.0,672000000000.0,,,754.0,260.0,1395.0,1770.0,1750.0,384.0,576.0,12.0,TSMC,18600.0,https://www.techpowerup.com/gpu-specs/quadro-rtx-8000.c3306,,"PolyCoder,MiniGPT4 + LRV-Instruction,Verbatim Memory Transformer (108M)",2025-07-21 09:53:58+00:00,32620000000000.0,125461538461.53848,,,521920000000000.0,inf,32620000000000.0
Google TPU v3,Google,TPU,,2018-05-18,,,,,,123000000000000.0,,,,32000000000.0,900000000000.0,,,,220.0,,,,,,16.0,,,https://cloud.google.com/tpu/docs/system-architecture-tpu-vm,"https://www.techpowerup.com/gpu-specs/geforce-gtx-1080-ti.c2877#:~:text=The%20GeForce%20GTX%201080%20Ti,on%20GeForce%20GTX%201080%20Ti.","BigGAN-deep 512x512,MnasNet-A3,MnasNet-A1 + SSDLite,T5-3B,T5-11B,SimCLR,EfficientNetV2-XL,Denoising Diffusion Probabilistic Models (LSUN Bedroom),Meena,AlphaFold 2,CoAtNet,Big Transfer (BiT-L),Conformer + Wav2vec 2.0 + Noisy Student,ContextNet + Noisy Student,ALBERT,ViT-G/14 (LiT),ViT-G/14,AlphaStar,ByT5-XXL,Gopher (280B),LaMDA,ALIGN,GShard (dense),UnifiedQA,DiT-XL/2,AlphaFold-Multimer,Chinchilla,ProGen2-xlarge,Adaptive Agent,Instruct-GPT + Mind's Eye,PaLM-SayCan,ResNet-RS,Meta Pseudo Labels,GOAT,Switch,ProtT5-XXL,LongT5,SciBERT,AlphaGeometry,GBERT-Large,German ELECTRA Large,DALL-E mega,DALL-E mini,T0-XXL,ViT-Huge/14,ALBERT-xxlarge,Gato,Noisy Student (L2),ProtBERT-BFD,FLAN 137B,ProtT5-XXL-BFD,Hawk,Griffin,Tk-Instruct,Delphi,XLNet,GPT-J-6B,PaliGemma,Tulu V2 DPO 70B,AlphaTensor,GPT-2 (1.5B),ProtBERT-UniRef,Transformer-XL (257M),RFA-GATE-Gaussian-Stateful Big,Long-range sequence Compressive Transformers,Local Transformer (WT103),Big Transfer (BiT-M),ProGen2-base,AraGPT2-Mega,AraELECTRA,AraBERT LArge v2,DCTransformer (ImageNet),SPN (CelebA HQ),SPN (ImageNet 128),AlphaGenome,Grover-Mega,GShard (600B),LIMoE-H/14,MetNet,BYOL,GQA-8-XXL",2025-11-03 23:14:50+00:00,123000000000000.0,559090909090.909,,,1968000000000000.0,inf,123000000000000.0
NVIDIA Tesla V100 DGXS 16 GB,NVIDIA,GPU,,2018-03-27,,8100000000000.0,16200000000000.0,32400000000000.0,,125000000000000.0,,,,16000000000.0,897000000000.0,300000000000.0,100000000000.0,815.0,250.0,1354.0,1582.0,,,640.0,12.0,TSMC,21100.0,https://www.techpowerup.com/gpu-specs/tesla-v100-dgxs-16-gb.c3763,,"KataGo,CogView,DALL-E,Big Transformer for Back-Translation,Memformer (4 encoder + 16 decoder),DistilBERT,NVAE (CIFAR 10)",2025-10-29 21:57:21+00:00,125000000000000.0,500000000000.0,,,2000000000000000.0,inf,125000000000000.0
NVIDIA Tesla V100 PCIe 32 GB,NVIDIA,GPU,,2018-03-27,11458.0,7066000000000.0,14130000000000.0,28260000000000.0,,112000000000000.0,,,,32000000000.0,897000000000.0,32000000000.0,100000000000.0,815.0,250.0,1230.0,1380.0,,4096.0,640.0,12.0,TSMC,21100.0,https://www.techpowerup.com/gpu-specs/tesla-v100-pcie-32-gb.c3184,https://www.microway.com/hpc-tech-tips/nvidia-tesla-v100-price-analysis/,Retrieval-Augmented Generator,2025-10-29 21:57:19+00:00,112000000000000.0,448000000000.0,,,1792000000000000.0,9774829813.23093,112000000000000.0
NVIDIA Tesla V100 DGXS 32 GB,NVIDIA,GPU,,2018-03-27,,7834000000000.0,15670000000000.0,31330000000000.0,,125000000000000.0,,,,32000000000.0,897000000000.0,300000000000.0,100000000000.0,815.0,250.0,1297.0,1530.0,,4096.0,640.0,12.0,TSMC,21100.0,https://www.techpowerup.com/gpu-specs/tesla-v100-dgxs-32-gb.c3186,,"Megatron-LM (8.3B),Rubik's cube ADR robot,GPT-3 175B (davinci),iGPT-XL,iGPT-L,wave2vec 2.0 LARGE,DLRM-2022,M6-T,DistilProtBert,ERNIE 3.0 Titan,Turing-NLG,MSA Transformer,XLM-RoBERTa,MedBERT,GPT-3 2.7B,GPT-3 6.7B,GPT-3 13B,GPT-3 Large,GPT-3 Medium,GPT-3 Small,GPT-3 XL,Uni-Mol Molecular Model,RoBERTa Large,ERNIE-RNA,PeTriBERT,NVAE (Celeba HQ),NVAE (FFHQ),DLWP,WDC20 / DLWP",2025-10-29 21:57:20+00:00,125000000000000.0,500000000000.0,,,2000000000000000.0,inf,125000000000000.0
NVIDIA Tesla V100 SXM3 32 GB,NVIDIA,GPU,,2018-03-27,,7834000000000.0,15670000000000.0,31330000000000.0,,125000000000000.0,,,,,898000000000.0,300000000000.0,100000000000.0,815.0,300.0,1290.0,,,,,12.0,TSMC,21100.0,,,Megatron-LM (1.2B),2025-10-29 21:57:06+00:00,125000000000000.0,416666666666.6667,,,2000000000000000.0,inf,125000000000000.0
NVIDIA Tesla V100 SXM2 32 GB,NVIDIA,GPU,,2018-03-27,11458.0,7834000000000.0,15670000000000.0,31330000000000.0,,125000000000000.0,,,,32000000000.0,898000000000.0,300000000000.0,100000000000.0,815.0,300.0,1290.0,1530.0,,4096.0,640.0,12.0,TSMC,21100.0,https://www.techpowerup.com/gpu-specs/tesla-v100-sxm2-32-gb.c3185,https://www.microway.com/hpc-tech-tips/nvidia-tesla-v100-price-analysis/,,2025-10-29 21:57:06+00:00,125000000000000.0,416666666666.6667,,,2000000000000000.0,10909408273.695234,125000000000000.0
NVIDIA Titan V,NVIDIA,GPU,,2017-12-01,2999.0,7450000000000.0,14900000000000.0,29800000000000.0,,,,,,12000000000.0,651000000000.0,,,815.0,250.0,1200.0,1455.0,848.0,3072.0,640.0,12.0,TSMC,21100.0,https://www.techpowerup.com/gpu-specs/titan-v.c3051,,"SeqVec,GPT2+CoreLM+Fine-Tuning,RGC+ASQ (PTB),Specter",2025-07-21 15:20:50+00:00,29800000000000.0,119200000000.0,,,476800000000000.0,9936645548.516172,29800000000000.0
NVIDIA Tesla V100 SXM2,NVIDIA,GPU,,2017-07-01,11500.0,7800000000000.0,15670000000000.0,31330000000000.0,,125000000000000.0,,,,16000000000.0,897000000000.0,300000000000.0,100000000000.0,815.0,300.0,1312.0,1530.0,876.0,4096.0,640.0,12.0,TSMC,21100.0,"https://images.nvidia.com/content/technologies/volta/pdf/437317-Volta-V100-DS-NV-US-WEB.pdf
https://www.techpowerup.com/gpu-specs/tesla-v100-sxm2-16-gb.c3018
https://images.nvidia.com/content/technologies/volta/pdf/volta-v100-datasheet-update-us-1165301-r5.pdf",,"PAGnol-XL,FRED-T5-XL,ruGPT-3.5 13B",2025-10-29 21:57:02+00:00,125000000000000.0,416666666666.6667,,,2000000000000000.0,10869565217.391304,125000000000000.0
NVIDIA Tesla V100 SXM2 16 GB,NVIDIA,GPU,,2017-06-21,,7834000000000.0,15670000000000.0,31330000000000.0,,125000000000000.0,,,,,897000000000.0,300000000000.0,100000000000.0,815.0,300.0,1312.0,1530.0,,,,12.0,TSMC,21100.0,https://www.techpowerup.com/gpu-specs/tesla-v100-sxm2-16-gb.c3018,,,2025-10-29 21:57:01+00:00,125000000000000.0,416666666666.6667,,,2000000000000000.0,inf,125000000000000.0
NVIDIA Tesla V100 PCIe 16 GB,NVIDIA,GPU,,2017-06-21,10664.0,7066000000000.0,14130000000000.0,28260000000000.0,,112000000000000.0,,,,16000000000.0,897000000000.0,32000000000.0,100000000000.0,815.0,250.0,1245.0,1380.0,,4096.0,640.0,12.0,TSMC,21100.0,https://www.techpowerup.com/gpu-specs/tesla-v100-pcie-16-gb.c2957,https://www.microway.com/hpc-tech-tips/nvidia-tesla-v100-price-analysis/,ASE,2025-10-29 21:57:02+00:00,112000000000000.0,448000000000.0,,,1792000000000000.0,10502625656.414104,112000000000000.0
NVIDIA V100,NVIDIA,GPU,,2017-06-21,,7834000000000.0,15670000000000.0,31330000000000.0,,125000000000000.0,,,,,897000000000.0,300000000000.0,100000000000.0,815.0,300.0,,,,4096.0,640.0,12.0,TSMC,21100.0,"https://www.techpowerup.com/gpu-specs/tesla-v100-pcie-16-gb.c2957
https://www.techpowerup.com/gpu-specs/tesla-v100-pcie-32-gb.c3184
https://www.techpowerup.com/gpu-specs/tesla-v100-sxm2-16-gb.c3471
https://www.techpowerup.com/gpu-specs/tesla-v100-sxm2-16-gb.c3018
https://www.techpowerup.com/gpu-specs/tesla-v100-sxm2-32-gb.c3185
https://www.techpowerup.com/gpu-specs/tesla-v100-sxm3-32-gb.c3472
https://www.techpowerup.com/gpu-specs/tesla-v100s-pcie-32-gb.c3467",,"DARK,ProBERTa,DD-PPO,Diffusion-GAN,Projected GAN,ADM,WizardLM-7B,DETR,DDPM-IP (CelebA),SantaCoder,Persia,Incoder-6.7B,RedPajama-INCITE-7B-Base,CTM (CIFAR-10),Transformer + Simple Recurrent Unit,ImageBind,ESM1-670M (UR50/S),ESM1-670M (UR50/D),ESM1-670M (UR100),ESM1-85M,ESM1-43M,ESM1b,ESM1v,Rita-XLarge,ProteinLM,TAPE Transformer,VALL-E,MultiBand Diffusion,VALL-E X,Transformer (Adaptive Input Embeddings) WT103,LUKE,SeamlessM4T,Pangu-Weather,Kosmos-2,mBART-50,Detic,MegaMolBART,ViT + DINO,YOLOX-X,CamemBERT,ProxylessNAS,Once for All,CLIP (ViT L/14@336px),ESM2-15B,ERNIE 3.0,CPM-Large,ESM2-650M,DeBERTa,PIXART-α,DeiT-B,Theseus 6/768,CLUE,WeNet (Penn Treebank),PermuteFormer,RFdiffusion,DiffQ Transformer (16L),CODEFUSION (Python),TrOCR,PLATO-XL,SEER,MoLFormer-XL,Soccer Robot,CodonTransformer,ProteinSGM,FastSpeech,FastSpeech 2,ResNeXt-101 32x48d,GPT-2+Active-SGD (WT2),ProtRNA,ProtT3,mini-GPT-2+Active-AdamW,Monarch-GPT-2-Small,GPT-2-Small+Pixelfly,DITTO,Monarch-GPT-2-Medium,GPT-2-Medium+Pixelfly,GPT-2 (117M, SLW 110K),T2R 75% + Pretrain (WT-103),T2R + Pretrain,SRU++ Base,SRU++ Large only 2 attention layers (k=5) (WT103),Linear Transformer (small),Subformer (83M),Subformer (96M),Megatron-LM (2.5B),GPT-2 (1.5B, Curriculum Learning 45K),Adaptive Input Transformer + RD,T2R + Random Init,GLM-10B,SRU++ Large,Subformer (122M),DeLighT,GPT3-6.7B (rerun of original),TransformerXL + spectrum control,All-attention network + adaptive span,FAIRSEQ Adaptive Inputs,OPUS-Design,FABind,PMLM-large,HJRSS,WeNet (PTB),DreamerV3,QRNN,PepINVENT,ChemBERTa,ShapeMol,LM-GVP,Profile Prediction,SSA,GemNet-OC ,Dexterous In-Hand Manipulation [control policy],StyleGAN3-T,StyleGAN3-R,StyleGAN,StyleGAN2,Hanabi 4 player,Sparse all-MLP,Brain2Qwerty,Very Deep VAEs (ImageNet-64),StyleGAN-XL,Sparse Transformer (ImageNet),Sparse Transformer (CIFAR10),Sparse Transformer (Enwik8),OC-GAN (Visual Genome),OC-GAN (COCO-Stuff),Wu Dao - Wen Yuan,Wu Dao - Wen Hui,CARP,Spec-Drafter,RoFormer,RMSNorm (Transformer-base)",2025-11-04 18:54:26+00:00,125000000000000.0,416666666666.6667,,,2000000000000000.0,inf,125000000000000.0
PEZY-SC2,PEZY,,,2017-06-01,,4100000000000.0,8192000000000.0,16040000000000.0,,,,,,,102377186750.0,,,,180.0,,,,,,16.0,TSMC,,"https://archive.ph/yiqZG
https://en.wikichip.org/wiki/pezy/pezy-scx/pezy-sc2",,,2025-07-21 09:55:44+00:00,16040000000000.0,89111111111.11111,,,262400000000000.0,inf,16040000000000.0
Google TPU v2,Google,TPU,,2017-05-01,,,3000000000000.0,,,45000000000000.0,,,,16000000000.0,600000000000.0,,,,280.0,,,,,,16.0,,,https://dl.acm.org/doi/pdf/10.1145/3360307,,"AlphaZero,BERT-Large,Mesh-TensorFlow Transformer 4.9B (language),Mesh-TensorFlow Transformer 2.9B (translation),Soccer Robot,Transformer-XL + RelationLM,Transformer-XL + AutoDropout (PTB),AraBERT,LIMoE-H/14,Evolved Transformer,FFN SwiGLU",2025-11-03 22:36:19+00:00,45000000000000.0,160714285714.2857,,,720000000000000.0,inf,45000000000000.0
NVIDIA TITAN Xp,NVIDIA,GPU,,2017-04-06,1199.0,379700000000.0,12150000000000.0,189800000000.0,,,,,,12000000000.0,548000000000.0,,,471.0,250.0,1405.0,1582.0,1426.0,384.0,,16.0,TSMC,11800.0,https://www.techpowerup.com/gpu-specs/titan-xp.c2948,,"DNA Fine-Tuned Language Model (DFLM),DensePhrases,Refined Part Pooling,GraSR",2025-08-04 18:20:23+00:00,12150000000000.0,48600000000.0,,,388800000000000.0,10133444537.114262,12150000000000.0
NVIDIA GeForce GTX 1080 Ti,NVIDIA,GPU,,2017-03-10,699.0,354400000000.0,11340000000000.0,177200000000.0,,,,,,11000000000.0,484000000000.0,,,471.0,250.0,1481.0,1582.0,1376.0,352.0,,16.0,TSMC,11800.0,https://www.techpowerup.com/gpu-specs/geforce-gtx-1080-ti.c2877,https://www.techpowerup.com/gpu-specs/tesla-p100-pcie-16-gb.c2888,"Cross-lingual alignment,AlphaX-1,PeptideBERT,NAS+ESS (23M),Adaptive LSTM + DeFINE,Transformer-C,CT-MoS (WT2),NAS+ESS (156M),DARTS,ENAS,MEGNet (molecule model),MEGNet (crystal band gap model),MEGNet (crystal formation energy model),MEGNet (crystal elasticity model),GemNet-T (OC20)",2025-07-21 09:55:53+00:00,11340000000000.0,45360000000.0,,,362880000000000.0,16223175965.665236,11340000000000.0
NVIDIA Quadro P600,NVIDIA,GPU,,2017-02-07,178.0,37370000000.0,1196000000000.0,18680000000.0,,,,,,2000000000.0,64130000000.0,,,132.0,40.0,1329.0,1557.0,,128.0,,14.0,Samsung,3300.0,https://www.techpowerup.com/gpu-specs/quadro-p600.c2933,https://technical.city/en/video/GeForce-GTX-970-vs-Quadro-P600,GPT-1,2025-07-21 09:55:56+00:00,1196000000000.0,29900000000.0,,,38272000000000.0,6719101123.595506,1196000000000.0
NVIDIA Quadro P4000,NVIDIA,GPU,,2017-02-06,815.0,165800000000.0,5304000000000.0,82880000000.0,,,,,,8000000000.0,243400000000.0,,,314.0,105.0,1202.0,1480.0,1901.0,256.0,,16.0,TSMC,7200.0,https://www.techpowerup.com/gpu-specs/quadro-p4000.c2930,https://www.techpowerup.com/gpu-specs/quadro-p4000.c2930,,2025-07-21 09:55:58+00:00,5304000000000.0,50514285714.28571,,,169728000000000.0,6507975460.1227,5304000000000.0
MT-2000,National University of Defense Technology,,,2017-01-01,,2460000000000.0,4920000000000.0,,,,,,,,153652000000.0,,,,240.0,,,,,,,,,https://archive.ph/CdMwe,,,2025-07-21 09:56:11+00:00,4920000000000.0,20500000000.0,,,157440000000000.0,inf,4920000000000.0
NVIDIA Quadro P5000,NVIDIA,GPU,,2016-10-01,2499.0,277300000000.0,8873000000000.0,138600000000.0,,,,,,16000000000.0,288000000000.0,,,314.0,180.0,1607.0,1733.0,1127.0,256.0,,16.0,TSMC,7200.0,https://www.techpowerup.com/gpu-specs/quadro-p5000.c2864,https://www.techpowerup.com/gpu-specs/quadro-p5000.c2864,,2025-07-21 09:56:18+00:00,8873000000000.0,49294444444.44444,,,283936000000000.0,3550620248.09924,8873000000000.0
NVIDIA Quadro P6000,NVIDIA,GPU,,2016-10-01,5999.0,394800000000.0,12630000000000.0,197400000000.0,,,,,,24000000000.0,433000000000.0,,,471.0,250.0,1506.0,1645.0,1127.0,384.0,,16.0,TSMC,11800.0,https://www.techpowerup.com/gpu-specs/quadro-p6000.c2865,https://www.techpowerup.com/gpu-specs/quadro-p6000.c2865,,2025-07-21 09:56:18+00:00,12630000000000.0,50520000000.0,,,404160000000000.0,2105350891.8153024,12630000000000.0
NVIDIA P40,NVIDIA,GPU,,2016-09-13,5699.0,367400000000.0,11760000000000.0,183700000000.0,,,,,,24000000000.0,694300000000.0,,,471.0,250.0,1303.0,1531.0,1808.0,384.0,,,,11800.0,https://www.techpowerup.com/gpu-specs/tesla-p40.c2878,https://www.techpowerup.com/gpu-specs/tesla-p40.c2878,"Tensorized Transformer (OBW),Tensorized Transformer (PTB),Tensorized Transformer (large PTB),Tensorized Transformer (W103),Tensorized Transformer (257M)",2025-07-21 09:56:19+00:00,11760000000000.0,47040000000.0,,,376320000000000.0,2063519915.7746973,11760000000000.0
NVIDIA Tesla P4,NVIDIA,GPU,,2016-09-13,,178200000000.0,5704000000000.0,89120000000.0,,,,22000000000000.0,,8000000000.0,192300000000.0,,,314.0,75.0,886.0,1114.0,1502.0,256.0,,16.0,TSMC,7200.0,https://www.techpowerup.com/gpu-specs/tesla-p4.c2879,,,2025-07-21 09:56:20+00:00,22000000000000.0,293333333333.3333,,,182528000000000.0,inf,22000000000000.0
NVIDIA Tesla P100 PCIe 16GB,NVIDIA,GPU,,2016-06-20,,4763000000000.0,9526000000000.0,19050000000000.0,,,,,,,732200000000.0,,,610.0,250.0,1190.0,,,,,16.0,TSMC,15300.0,https://www.techpowerup.com/gpu-specs/tesla-p100-pcie-16-gb.c2888,,"RNN + char2-MS-vec,RNN + char3-MS-vec,RNN + char4-MS-vec",2025-10-29 21:56:37+00:00,19050000000000.0,76200000000.0,,,304832000000000.0,inf,19050000000000.0
NVIDIA Tesla P100 PCIe 12GB,NVIDIA,GPU,,2016-06-20,,4763000000000.0,9526000000000.0,19050000000000.0,,,,,,,549100000000.0,,,610.0,250.0,1190.0,,,,,16.0,TSMC,15300.0,https://www.techpowerup.com/gpu-specs/tesla-p100-pcie-12-gb.c2915,,,2025-07-21 09:56:35+00:00,19050000000000.0,76200000000.0,,,304832000000000.0,inf,19050000000000.0
NVIDIA P100 PCIe 16GB,NVIDIA,GPU,,2016-06-20,,4700000000000.0,9560000000000.0,19100000000000.0,,,,,,16000000000.0,732000000000.0,,,610.0,250.0,1190.0,1329.0,715.0,4096.0,,16.0,TSMC,15300.0,https://www.techpowerup.com/gpu-specs/tesla-p100-pcie-16-gb.c2888,,T-DMCA,2025-11-03 21:32:22+00:00,19100000000000.0,76400000000.0,,,305920000000000.0,inf,19100000000000.0
NVIDIA GeForce GTX 1080,NVIDIA,GPU,,2016-05-27,599.0,277300000000.0,8873000000000.0,138600000000.0,,,,,,8000000000.0,320300000000.0,,,314.0,180.0,1607.0,1733.0,,256.0,,16.0,TSMC,7200.0,https://www.techpowerup.com/gpu-specs/geforce-gtx-1080.c2839,,"SEST,CT-MoS (PTB),CT-MoS + DynamicEval (PTB),AWD-LSTM + DeFINE",2025-07-21 09:56:40+00:00,8873000000000.0,49294444444.44444,,,283936000000000.0,14813021702.838064,8873000000000.0
NVIDIA Tesla P100 SXM2,NVIDIA,GPU,,2016-04-05,,5304000000000.0,10610000000000.0,21220000000000.0,,,,,,,,,,610.0,300.0,1328.0,,,,,16.0,TSMC,15300.0,,,,2025-10-29 21:56:40+00:00,21220000000000.0,70733333333.33333,,,339520000000000.0,inf,21220000000000.0
NVIDIA P100,NVIDIA,GPU,,2016-04-05,5699.0,4700000000000.0,9300000000000.0,18700000000000.0,,,,,,16000000000.0,732000000000.0,,,,250.0,,,,,,16.0,TSMC,,https://images.nvidia.com/content/tesla/pdf/nvidia-tesla-p100-PCIe-datasheet.pdf,"https://www.hardwarezone.com.sg/tech-news-nvidia-dgx-a100-supercomputer-super-performance-fight-covid-19#:~:text=The%20new%20DGX%20A100%20costs,has%20a%20height%20of%20444mm.","Transformer,IMPALA,ProteinGAN,RNMT+,LSTM (Hebbian, Cache, MbPA),QT-Opt,HiPPO-LegS,OpenAI Five,OpenAI Five Rerun,GPT-2+Active-SGD (WT2),mini-GPT-2+Active-AdamW,RoBERTa (PFAM),B2T connection (16L)",2025-10-29 21:56:45+00:00,18700000000000.0,74800000000.0,,,300800000000000.0,3281277417.090718,18700000000000.0
NVIDIA Tesla P100 DGXS,NVIDIA,GPU,,2016-04-05,,5304000000000.0,10610000000000.0,21220000000000.0,,,,,,,,,,610.0,300.0,1328.0,,,,,16.0,TSMC,15300.0,,,,2025-10-29 21:56:39+00:00,21220000000000.0,70733333333.33333,,,339520000000000.0,inf,21220000000000.0
NVIDIA M40,NVIDIA,GPU,,2015-11-10,10799.0,213500000000.0,6832000000000.0,,,,,,,12000000000.0,288000000000.0,,,601.0,250.0,948.0,1112.0,1502.0,384.0,,,,8000.0,https://www.techpowerup.com/gpu-specs/tesla-m40.c2771,https://texas.gs.shi.com/product/32445647/NVIDIA-Tesla-M40-GPU-computing-processor,"YOLOv3,RetinaNet-R101,MemoReader,ConvS2S (ensemble of 8 models)",2025-07-21 09:57:17+00:00,6832000000000.0,27328000000.0,,,218624000000000.0,632651171.4047596,6832000000000.0
NVIDIA TESLA M60,NVIDIA,GPU,,2015-08-30,,301600000000.0,9650000000000.0,,,,,,,16000000000.0,320800000000.0,,,398.0,300.0,557.0,1178.0,1253.0,512.0,,28.0,TSMC,5200.0,https://www.techpowerup.com/gpu-specs/tesla-m60.c2760,,,2025-07-21 09:57:39+00:00,9650000000000.0,32166666666.666668,,,308800000000000.0,inf,9650000000000.0
NVIDIA Quadro M4000,NVIDIA,GPU,,2015-06-29,,80390000000.0,2573000000000.0,,,,,,,8000000000.0,192000000000.0,,,398.0,120.0,773.0,,1502.0,256.0,,28.0,TSMC,5200.0,https://www.techpowerup.com/gpu-specs/quadro-m4000.c2757,,,2025-07-21 09:57:45+00:00,2573000000000.0,21441666666.666668,,,82336000000000.0,inf,2573000000000.0
Google TPU v1,Google,TPU,,2015-05-15,,,,,,,,92000000000000.0,,8589934592.0,34000000000.0,,,331.0,75.0,700.0,,,,,28.0,,,https://ieeexplore.ieee.org/stamp/stamp.jsp?tp=&arnumber=9499913,,"AlphaGo Master,AlphaGo Zero,AlphaZero",2025-10-29 21:38:06+00:00,92000000000000.0,1226666666666.6667,,,736000000000000.0,inf,92000000000000.0
NVIDIA GeForce GTX TITAN X,NVIDIA,GPU,,2015-03-17,999.0,209100000000.0,6691000000000.0,,,,,,,12000000000.0,336600000000.0,,,601.0,250.0,1000.0,1089.0,1753.0,384.0,,28.0,TSMC,8000.0,https://www.techpowerup.com/gpu-specs/geforce-gtx-titan-x.c2632,,"DeepSpeech2 (English),YOLOv3,Mono3D++,BIDAF,PolyNet,GELU for CIFAR-10,SSD,Part-of-sentence tagging model,Named Entity Recognition model,Graph-based Semi-Supervised Learning (GSSL) Model on MNIST,SAF R-CNN,DeepLoc",2025-09-05 20:46:37+00:00,6691000000000.0,26764000000.0,,,214112000000000.0,6697697697.697698,6691000000000.0
NVIDIA Quadro K1200,NVIDIA,GPU,,2015-01-28,,35970000000.0,1151000000000.0,,,,,,,4000000000.0,80000000000.0,,,148.0,45.0,1058.0,1124.0,1250.0,128.0,,28.0,TSMC,1870.0,https://www.techpowerup.com/gpu-specs/quadro-k1200.c2641,,,2025-07-21 09:58:24+00:00,1151000000000.0,25577777777.77778,,,36832000000000.0,inf,1151000000000.0
NVIDIA Tesla K80,NVIDIA,GPU,,2014-11-17,5000.0,2742000000000.0,8126000000000.0,,,,,,,24000000000.0,241000000000.0,,,561.0,300.0,562.0,824.0,1253.0,768.0,,28.0,TSMC,7100.0,https://www.techpowerup.com/gpu-specs/tesla-k80.c2616; https://www.nvidia.com/content/dam/en-zz/Solutions/Data-Center/tesla-product-literature/TeslaK80-datasheet.pdf,https://www.anandtech.com/show/8729/nvidia-launches-tesla-k80-gk210-gpu,"GNMT,Xception,JFT,Big-Little Net,OR-WideResNet,UniRep,Fold2Seq,Cube-Space AutoEncoder,code2vec,MoLeR,Zoneout + Variational LSTM (WT2)",2025-10-29 21:56:18+00:00,8126000000000.0,27086666666.666668,,,260032000000000.0,1625200000.0,8126000000000.0
NVIDIA GeForce GTX 980,NVIDIA,GPU,,2014-09-19,549.0,155600000000.0,4981000000000.0,,,,,,,4000000000.0,224400000000.0,,,398.0,165.0,1127.0,1216.0,,256.0,,28.0,TSMC,5200.0,https://www.techpowerup.com/gpu-specs/geforce-gtx-980.c2621,,SimpleNet,2025-07-21 09:58:32+00:00,4981000000000.0,30187878787.878788,,,159392000000000.0,9072859744.990892,4981000000000.0
NVIDIA GeForce GTX Titan Black,NVIDIA,GPU,,2014-02-18,999.0,1882000000000.0,5645000000000.0,,,,,,,6000000000.0,336000000000.0,,,561.0,250.0,889.0,980.0,1750.0,384.0,,28.0,TSMC,7080.0,https://www.techpowerup.com/gpu-specs/geforce-gtx-titan-black.c2549,https://www.techpowerup.com/gpu-specs/geforce-gtx-titan-black.c2549,"VGG16,VGG-Face",2025-10-16 15:09:25+00:00,5645000000000.0,22580000000.0,,,180640000000000.0,5650650650.650651,5645000000000.0
NVIDIA Tesla K40s,NVIDIA,GPU,,2013-11-22,7699.0,1682000000000.0,5046000000000.0,,,,,,,12000000000.0,288000000000.0,,,561.0,245.0,745.0,876.0,1502.0,384.0,,28.0,TSMC,7080.0,https://www.techpowerup.com/gpu-specs/tesla-k40s.c2528,https://www.techpowerup.com/gpu-specs/tesla-k40s.c2528,"AmoebaNet-A (F=448),VDCNN (on Amazon Review Full dataset),BIG LSTM+CNN INPUTS ,10 LSTMS + KN-5 (OPTIMAL WEIGHTS),genCNN + dyn eval",2025-07-21 09:59:39+00:00,5046000000000.0,20595918367.34694,,,161472000000000.0,655409793.4796727,5046000000000.0
NVIDIA Tesla K40t,NVIDIA,GPU,,2013-11-22,7699.0,1682000000000.0,5046000000000.0,,,,,,,12000000000.0,288400000000.0,,,561.0,245.0,745.0,876.0,,384.0,,28.0,TSMC,7080.0,https://www.techpowerup.com/gpu-specs/tesla-k40t.c3403,"https://www.techpowerup.com/gpu-specs/tesla-k40t.c3403#:~:text=Tesla%20K40t%20is%20connected%20to,launch%20was%207699%20US%20Dollars","MoE-Multi,MSRA (C, PReLU)",2025-07-21 09:59:39+00:00,5046000000000.0,20595918367.34694,,,161472000000000.0,655409793.4796727,5046000000000.0
NVIDIA Quadro K6000,NVIDIA,GPU,,2013-07-23,5265.0,1732000000000.0,5196000000000.0,,,,,,,12000000000.0,288000000000.0,,,561.0,225.0,797.0,902.0,1502.0,384.0,,28.0,TSMC,7080.0,https://www.techpowerup.com/gpu-specs/quadro-k6000.c2426,https://www.techpowerup.com/gpu-specs/quadro-k6000.c2426,RNNsearch-50*,2025-07-21 10:00:26+00:00,5196000000000.0,23093333333.33333,,,166272000000000.0,986894586.8945868,5196000000000.0
NVIDIA GeForce GTX 780,NVIDIA,GPU,,2013-05-23,649.0,173200000000.0,4156000000000.0,,,,,,,3000000000.0,288400000000.0,,,561.0,250.0,863.0,902.0,,384.0,,28.0,TSMC,7080.0,https://www.techpowerup.com/gpu-specs/geforce-gtx-780.c1701,,Fractional Max-Pooling,2025-07-21 10:00:52+00:00,4156000000000.0,16624000000.0,,,132992000000000.0,6403697996.918336,4156000000000.0
NVIDIA Quadro K4000,NVIDIA,GPU,,2013-03-01,1269.0,51840000000.0,1244000000000.0,,,,,,,3000000000.0,134800000000.0,,,221.0,80.0,810.0,,,192.0,,28.0,TSMC,2540.0,https://www.techpowerup.com/gpu-specs/quadro-k4000.c1841,https://videocardz.net/nvidia-quadro-k4000,Attend-Infer-Repeat,2025-07-21 10:01:14+00:00,1244000000000.0,15550000000.0,,,39808000000000.0,980299448.3845547,1244000000000.0
NVIDIA GeForce GTX TITAN,NVIDIA,GPU,,2013-02-19,999.0,1570000000000.0,4709000000000.0,,,,,,,6000000000.0,288400000000.0,,,561.0,250.0,836.0,876.0,,384.0,,28.0,TSMC,7080.0,https://www.techpowerup.com/gpu-specs/geforce-gtx-titan.c1996,,SPPNet,2025-07-21 10:01:15+00:00,4709000000000.0,18836000000.0,,,150688000000000.0,4713713713.713714,4709000000000.0
NVIDIA Tesla K20c,NVIDIA,GPU,,2012-11-12,3199.0,1170000000000.0,3520000000000.0,,,,,,,5000000000.0,208000000000.0,,,561.0,225.0,706.0,,1300.0,320.0,,28.0,TSMC,7080.0,https://www.techpowerup.com/gpu-specs/tesla-k20c.c564,,Large regularized LSTM,2025-07-21 10:01:33+00:00,3520000000000.0,15644444444.444445,,,112640000000000.0,1100343857.4554548,3520000000000.0
NVIDIA Tesla K20X,NVIDIA,GPU,,2012-11-12,7699.0,1312000000000.0,3935000000000.0,,,,,,,,,,,561.0,235.0,732.0,,,,,28.0,TSMC,7080.0,,https://archive.ph/Jxl43,OverFeat,2025-07-21 10:01:33+00:00,3935000000000.0,16744680851.06383,,,125920000000000.0,511105338.3556306,3935000000000.0
NVIDIA Tesla C2050,NVIDIA,GPU,,2011-07-25,,513900000000.0,1028000000000.0,,,,,,,,,,,529.0,238.0,574.0,,,,,40.0,TSMC,3100.0,,,,2025-07-21 10:03:40+00:00,1028000000000.0,4319327731.092437,,,32896000000000.0,inf,1028000000000.0
NVIDIA GeForce GTX 580,NVIDIA,GPU,,2010-11-09,499.0,197600000000.0,1581000000000.0,,,,,,,1536000000.0,192400000000.0,,,520.0,244.0,772.0,1544.0,1002.0,384.0,,40.0,TSMC,3000.0,https://www.techpowerup.com/gpu-specs/geforce-gtx-580.c270,https://www.techpowerup.com/gpu-specs/geforce-gtx-580.c270,"Dropout (CIFAR),Dropout (ImageNet),Dropout (MNIST),Dropout (TIMIT),AlexNet,Visualizing CNNs,DNN EM segmentation,CNN Committee (NIST),CNN Committee (MNIST),High Performance CNN (NORB),CNN committee (traffic sign)",2025-07-21 10:05:03+00:00,1581000000000.0,6479508196.721312,,,50592000000000.0,3168336673.346693,1581000000000.0
NVIDIA GeForce GTX 280,NVIDIA,GPU,,2008-06-16,649.0,77760000000.0,622100000000.0,,,,,,,1024000000.0,141100000000.0,,,576.0,236.0,602.0,,1107.0,512.0,,65.0,TSMC,1400.0,https://www.techpowerup.com/gpu-specs/geforce-gtx-280.c216,,6-layer MLP (MNIST),2025-07-21 10:08:23+00:00,622100000000.0,2636016949.1525426,,,19907200000000.0,958551617.8736516,622100000000.0
Huawei Ascend 910B Pro,Huawei,GPU,,,,,,280000000000000.0,,,,,,32000000000.0,1228000000000.0,,,,,,,1150.0,,,7.0,SMIC,,"https://cset.georgetown.edu/publication/pushing-the-limits-huaweis-ai-chip-tests-u-s-export-controls/#:~:text=Ascend%20910%20models%20range%20from,specially%20designed%20for%20AI%20operations",,,2025-07-21 10:16:59+00:00,280000000000000.0,inf,,,4480000000000000.0,inf,280000000000000.0
Huawei Ascend 910B1 (v1),Huawei,GPU,,,,,,400000000000000.0,,,,,,64000000000.0,1600000000000.0,,,,,,,1850.0,,,7.0,SMIC,,"https://cset.georgetown.edu/publication/pushing-the-limits-huaweis-ai-chip-tests-u-s-export-controls/#:~:text=Ascend%20910%20models%20range%20from,specially%20designed%20for%20AI%20operations",,,2025-07-21 10:16:59+00:00,400000000000000.0,inf,,,6400000000000000.0,inf,400000000000000.0
Huawei Ascend 910B1 (v2),Huawei,GPU,,,,,,,,,,,,64000000000.0,1600000000000.0,,,,,,,1850.0,,,7.0,SMIC,,"https://cset.georgetown.edu/publication/pushing-the-limits-huaweis-ai-chip-tests-u-s-export-controls/#:~:text=Ascend%20910%20models%20range%20from,specially%20designed%20for%20AI%20operations",,,2025-05-07 14:20:18+00:00,0.0,,,,,,0.0
Huawei Ascend 910B2,Huawei,GPU,,,,,,376000000000000.0,,,,,,64000000000.0,1600000000000.0,,,,,,,1800.0,,,7.0,SMIC,,"https://cset.georgetown.edu/publication/pushing-the-limits-huaweis-ai-chip-tests-u-s-export-controls/#:~:text=Ascend%20910%20models%20range%20from,specially%20designed%20for%20AI%20operations",,,2025-07-21 10:17:00+00:00,376000000000000.0,inf,,,6016000000000000.0,inf,376000000000000.0
Huawei Ascend 910B3,Huawei,GPU,,,,,,313000000000000.0,,,,,,64000000000.0,1600000000000.0,,,,,,,1800.0,,,7.0,SMIC,,"https://cset.georgetown.edu/publication/pushing-the-limits-huaweis-ai-chip-tests-u-s-export-controls/#:~:text=Ascend%20910%20models%20range%20from,specially%20designed%20for%20AI%20operations",,,2025-07-21 10:17:00+00:00,313000000000000.0,inf,,,5008000000000000.0,inf,313000000000000.0
Huawei Ascend 910B4,Huawei,GPU,,,,,72000000000000.0,280000000000000.0,,,,,,32000000000.0,800000000000.0,,,,,,,1650.0,,,7.0,SMIC,,"https://cset.georgetown.edu/publication/pushing-the-limits-huaweis-ai-chip-tests-u-s-export-controls/#:~:text=Ascend%20910%20models%20range%20from,specially%20designed%20for%20AI%20operations
https://perma.cc/9B7N-X5XT",,,2025-07-21 10:17:00+00:00,280000000000000.0,inf,,,4480000000000000.0,inf,280000000000000.0
Huawei Ascend 800T A2,Huawei,GPU,,,,,,256000000000000.0,,,,512000000000000.0,,,,,,,310.0,,,,,,,,,https://arxiv.org/pdf/2505.21411,,Pangu Pro MoE,2025-07-23 16:41:34+00:00,512000000000000.0,1651612903225.8064,,,,inf,512000000000000.0
NVIDIA Rubin CPX,NVIDIA,GPU,,,,,,,,,,,,128000000000.0,,,,,,,,,,,,,,https://nvidianews.nvidia.com/news/nvidia-unveils-rubin-cpx-a-new-class-of-gpu-designed-for-massive-context-inference,,,2025-09-11 17:27:44+00:00,0.0,,,3e+16,,,0.0
Huawei Ascend 950DT,Huawei,NPU,,,,,,,,,,,,,4000000000000.0,,2000000000000.0,,,,,,,,,,,"https://www.techradar.com/pro/huawei-ascend-950-vs-nvidia-h200-vs-amd-mi300-instinct-how-do-they-compare
https://www.tomshardware.com/tech-industry/semiconductors/huawei-unveils-ascend-roadmap-backed-by-in-house-hbm",,,2025-10-14 14:13:33+00:00,0.0,,1000000000000000.0,2000000000000000.0,,,0.0
Huawei Ascend 970,Huawei,NPU,,,,,,,,,,,,,14400000000000.0,,4000000000000.0,,,,,,,,,,,"https://www.huawei.com/en/news/2025/9/hc-xu-keynote-speech
https://www.huaweicentral.com/huawei-reveals-3-year-ascend-ai-chip-roadmap-950-coming-in-2026/",,,2025-10-14 14:16:22+00:00,0.0,,4000000000000000.0,8000000000000000.0,,,0.0
Huawei Ascend 960,Huawei,NPU,,,,,,,,,,,,,9600000000000.0,,2200000000000.0,,,,,,,,,,,"https://www.huawei.com/en/news/2025/9/hc-xu-keynote-speech
https://www.huaweicentral.com/huawei-reveals-3-year-ascend-ai-chip-roadmap-950-coming-in-2026/",,,2025-10-14 14:16:16+00:00,0.0,,2000000000000000.0,4000000000000000.0,,,0.0
